class,hand,coordinate0,coordinate1,coordinate2,coordinate3,coordinate4,coordinate5,coordinate6,coordinate7,coordinate8,coordinate9,coordinate10,coordinate11,coordinate12,coordinate13,coordinate14,coordinate15,coordinate16,coordinate17,coordinate18,coordinate19,coordinate20,coordinate21,coordinate22,coordinate23,coordinate24,coordinate25,coordinate26,coordinate27,coordinate28,coordinate29,coordinate30,coordinate31,coordinate32,coordinate33,coordinate34,coordinate35,coordinate36,coordinate37,coordinate38,coordinate39,coordinate40,coordinate41
23,Right,0.0,0.0,-0.25925925925925924,0.12698412698412698,-0.4021164021164021,0.42857142857142855,-0.4444444444444444,0.7248677248677249,-0.47619047619047616,0.9841269841269841,-0.4074074074074074,0.24867724867724866,-0.43386243386243384,0.6402116402116402,-0.41798941798941797,0.8783068783068783,-0.4074074074074074,1.0,-0.164021164021164,0.21693121693121692,-0.1164021164021164,0.6772486772486772,-0.12698412698412698,0.7777777777777778,-0.15343915343915343,0.7301587301587301,0.06878306878306878,0.20105820105820105,0.10052910052910052,0.6613756613756614,0.06349206349206349,0.7142857142857143,0.031746031746031744,0.6243386243386243,0.2804232804232804,0.20634920634920634,0.32275132275132273,0.5767195767195767,0.26455026455026454,0.6349206349206349,0.21693121693121692,0.5555555555555556
23,Right,0.0,0.0,-0.22297297297297297,0.20945945945945946,-0.3108108108108108,0.46621621621621623,-0.33783783783783783,0.7297297297297297,-0.34459459459459457,1.0,-0.22297297297297297,-0.05405405405405406,-0.27702702702702703,0.30405405405405406,-0.23648648648648649,0.5135135135135135,-0.16216216216216217,0.5675675675675675,0.04054054054054054,-0.14189189189189189,0.02702702702702703,0.3108108108108108,0.05405405405405406,0.4797297297297297,0.033783783783783786,0.46621621621621623,0.25,-0.12162162162162163,0.24324324324324326,0.31756756756756754,0.23648648648648649,0.4594594594594595,0.21621621621621623,0.4189189189189189,0.40540540540540543,-0.04054054054054054,0.43243243243243246,0.30405405405405406,0.42567567567567566,0.41216216216216217,0.42567567567567566,0.36486486486486486
23,Right,0.0,0.0,-0.4065040650406504,0.15447154471544716,-0.5609756097560976,0.4146341463414634,-0.5691056910569106,0.7317073170731707,-0.4065040650406504,1.0,-0.34959349593495936,-0.12195121951219512,-0.4634146341463415,0.22764227642276422,-0.4634146341463415,0.5365853658536586,-0.3821138211382114,0.6829268292682927,0.04065040650406504,-0.13008130081300814,-0.08943089430894309,0.2926829268292683,-0.12195121951219512,0.6260162601626016,-0.13008130081300814,0.7398373983739838,0.34959349593495936,-0.04065040650406504,0.25203252032520324,0.34146341463414637,0.16260162601626016,0.6097560975609756,0.10569105691056911,0.6504065040650406,0.5772357723577236,0.0975609756097561,0.5609756097560976,0.44715447154471544,0.5121951219512195,0.6666666666666666,0.4959349593495935,0.7073170731707317
23,Right,0.0,0.0,-0.28888888888888886,0.007407407407407408,-0.562962962962963,-0.05185185185185185,-0.7037037037037037,-0.1111111111111111,-0.6074074074074074,-0.1925925925925926,-0.562962962962963,-0.9333333333333333,-0.7333333333333333,-0.7333333333333333,-0.6518518518518519,-0.4666666666666667,-0.5703703703703704,-0.4,-0.25925925925925924,-1.0,-0.3851851851851852,-0.6962962962962963,-0.35555555555555557,-0.362962962962963,-0.3333333333333333,-0.45185185185185184,0.05185185185185185,-0.9259259259259259,-0.044444444444444446,-0.6,-0.07407407407407407,-0.34074074074074073,-0.05925925925925926,-0.3925925925925926,0.32592592592592595,-0.7851851851851852,0.26666666666666666,-0.5555555555555556,0.18518518518518517,-0.37037037037037035,0.17777777777777778,-0.37777777777777777
23,Right,0.0,0.0,-0.2638888888888889,-0.027777777777777776,-0.5625,-0.11805555555555555,-0.6666666666666666,-0.24305555555555555,-0.5347222222222222,-0.3819444444444444,-0.5208333333333334,-0.9444444444444444,-0.6875,-0.8194444444444444,-0.625,-0.5277777777777778,-0.5347222222222222,-0.4791666666666667,-0.2152777777777778,-1.0,-0.3541666666666667,-0.8055555555555556,-0.3472222222222222,-0.4791666666666667,-0.2916666666666667,-0.5208333333333334,0.06944444444444445,-0.9375,-0.020833333333333332,-0.7083333333333334,-0.08333333333333333,-0.4305555555555556,-0.0625,-0.4930555555555556,0.3402777777777778,-0.8194444444444444,0.2569444444444444,-0.6319444444444444,0.1736111111111111,-0.4305555555555556,0.1597222222222222,-0.4791666666666667
23,Right,0.0,0.0,-0.373134328358209,-0.1791044776119403,-0.6492537313432836,-0.34328358208955223,-0.8283582089552238,-0.5223880597014925,-0.6716417910447762,-0.6791044776119403,-0.582089552238806,-0.8955223880597015,-0.7238805970149254,-0.9776119402985075,-0.6940298507462687,-0.835820895522388,-0.664179104477612,-0.8582089552238806,-0.3283582089552239,-0.9626865671641791,-0.4701492537313433,-1.0,-0.4253731343283582,-0.7761194029850746,-0.40298507462686567,-0.8880597014925373,-0.05223880597014925,-0.9701492537313433,-0.15671641791044777,-0.9328358208955224,-0.17164179104477612,-0.7388059701492538,-0.17164179104477612,-0.835820895522388,0.19402985074626866,-0.9104477611940298,0.11940298507462686,-0.8656716417910447,0.07462686567164178,-0.7238805970149254,0.08208955223880597,-0.7761194029850746
23,Right,0.0,0.0,-0.3560606060606061,-0.25,-0.6060606060606061,-0.4696969696969697,-0.7424242424242424,-0.7196969696969697,-0.6439393939393939,-0.9621212121212122,-0.45454545454545453,-0.7803030303030303,-0.5757575757575758,-0.8863636363636364,-0.6060606060606061,-0.8409090909090909,-0.6212121212121212,-0.9090909090909091,-0.24242424242424243,-0.8409090909090909,-0.3712121212121212,-0.9924242424242424,-0.36363636363636365,-0.8863636363636364,-0.3409090909090909,-0.9772727272727273,-0.022727272727272728,-0.8560606060606061,-0.12121212121212122,-1.0,-0.12878787878787878,-0.8863636363636364,-0.09848484848484848,-0.9545454545454546,0.20454545454545456,-0.8333333333333334,0.12878787878787878,-0.9848484848484849,0.09848484848484848,-0.9090909090909091,0.11363636363636363,-0.9242424242424242
23,Right,0.0,0.0,-0.2611464968152866,-0.09554140127388536,-0.5095541401273885,-0.3057324840764331,-0.5859872611464968,-0.535031847133758,-0.445859872611465,-0.732484076433121,-0.3375796178343949,-0.9363057324840764,-0.47770700636942676,-0.9617834394904459,-0.4394904458598726,-0.6751592356687898,-0.35668789808917195,-0.6242038216560509,-0.12101910828025478,-0.9554140127388535,-0.2802547770700637,-1.0,-0.2802547770700637,-0.6496815286624203,-0.21019108280254778,-0.6496815286624203,0.08917197452229299,-0.910828025477707,-0.03821656050955414,-0.9044585987261147,-0.07643312101910828,-0.5859872611464968,-0.025477707006369428,-0.6050955414012739,0.31210191082802546,-0.802547770700637,0.1910828025477707,-0.8089171974522293,0.12738853503184713,-0.5987261146496815,0.1592356687898089,-0.5859872611464968
23,Right,0.0,0.0,-0.2781065088757396,-0.16568047337278108,-0.47928994082840237,-0.41420118343195267,-0.5325443786982249,-0.6568047337278107,-0.41420118343195267,-0.8520710059171598,-0.3727810650887574,-0.8224852071005917,-0.5029585798816568,-0.9171597633136095,-0.46153846153846156,-0.6982248520710059,-0.3727810650887574,-0.6568047337278107,-0.1893491124260355,-0.863905325443787,-0.3136094674556213,-1.0,-0.2958579881656805,-0.7100591715976331,-0.20118343195266272,-0.6982248520710059,0.01775147928994083,-0.8461538461538461,-0.10650887573964497,-0.9408284023668639,-0.11242603550295859,-0.650887573964497,-0.04142011834319527,-0.6449704142011834,0.23076923076923078,-0.7810650887573964,0.11834319526627218,-0.8698224852071006,0.07692307692307693,-0.6804733727810651,0.1301775147928994,-0.650887573964497
23,Right,0.0,0.0,-0.28651685393258425,-0.21348314606741572,-0.46629213483146065,-0.47191011235955055,-0.47752808988764045,-0.7134831460674157,-0.37640449438202245,-0.9157303370786517,-0.33707865168539325,-0.8146067415730337,-0.4606741573033708,-0.9662921348314607,-0.4438202247191011,-0.7359550561797753,-0.38202247191011235,-0.6629213483146067,-0.17415730337078653,-0.8258426966292135,-0.28651685393258425,-1.0,-0.28651685393258425,-0.7134831460674157,-0.21348314606741572,-0.6741573033707865,0.011235955056179775,-0.8033707865168539,-0.10112359550561797,-0.9606741573033708,-0.12359550561797752,-0.6685393258426966,-0.06179775280898876,-0.6179775280898876,0.21348314606741572,-0.7303370786516854,0.10112359550561797,-0.8820224719101124,0.05056179775280899,-0.6910112359550562,0.0898876404494382,-0.6235955056179775
23,Right,0.0,0.0,-0.2640449438202247,-0.1797752808988764,-0.4438202247191011,-0.43820224719101125,-0.46629213483146065,-0.6966292134831461,-0.38202247191011235,-0.9157303370786517,-0.34269662921348315,-0.7808988764044944,-0.46629213483146065,-0.9662921348314607,-0.4606741573033708,-0.7078651685393258,-0.39325842696629215,-0.6235955056179775,-0.16853932584269662,-0.8033707865168539,-0.2752808988764045,-1.0,-0.2808988764044944,-0.6797752808988764,-0.20224719101123595,-0.6292134831460674,0.02247191011235955,-0.7752808988764045,-0.07865168539325842,-0.9325842696629213,-0.10674157303370786,-0.6179775280898876,-0.033707865168539325,-0.5674157303370787,0.23595505617977527,-0.7078651685393258,0.11797752808988764,-0.8370786516853933,0.06741573033707865,-0.6348314606741573,0.11797752808988764,-0.5786516853932584
23,Right,0.0,0.0,-0.26900584795321636,-0.15789473684210525,-0.4444444444444444,-0.42105263157894735,-0.47368421052631576,-0.6842105263157895,-0.4269005847953216,-0.9064327485380117,-0.36257309941520466,-0.7602339181286549,-0.49122807017543857,-0.9532163742690059,-0.47368421052631576,-0.695906432748538,-0.391812865497076,-0.6081871345029239,-0.1695906432748538,-0.7777777777777778,-0.28654970760233917,-1.0,-0.29239766081871343,-0.6783625730994152,-0.21637426900584794,-0.6198830409356725,0.029239766081871343,-0.7543859649122807,-0.07602339181286549,-0.935672514619883,-0.10526315789473684,-0.6140350877192983,-0.04093567251461988,-0.543859649122807,0.24561403508771928,-0.7017543859649122,0.13450292397660818,-0.8538011695906432,0.07602339181286549,-0.631578947368421,0.11695906432748537,-0.5497076023391813
23,Right,0.0,0.0,-0.27485380116959063,-0.15204678362573099,-0.4444444444444444,-0.42105263157894735,-0.4444444444444444,-0.672514619883041,-0.39766081871345027,-0.8713450292397661,-0.3742690058479532,-0.7368421052631579,-0.49122807017543857,-0.9415204678362573,-0.47953216374269003,-0.7076023391812866,-0.40350877192982454,-0.6081871345029239,-0.1871345029239766,-0.7660818713450293,-0.29239766081871343,-1.0,-0.30409356725146197,-0.6842105263157895,-0.2222222222222222,-0.6081871345029239,0.017543859649122806,-0.7485380116959064,-0.08771929824561403,-0.9239766081871345,-0.1111111111111111,-0.6023391812865497,-0.04093567251461988,-0.5263157894736842,0.23976608187134502,-0.6900584795321637,0.11695906432748537,-0.8245614035087719,0.07017543859649122,-0.6081871345029239,0.12280701754385964,-0.5321637426900585
23,Right,0.0,0.0,-0.27058823529411763,-0.1588235294117647,-0.43529411764705883,-0.43529411764705883,-0.4294117647058823,-0.6882352941176471,-0.3588235294117647,-0.8823529411764706,-0.34705882352941175,-0.7529411764705882,-0.4764705882352941,-0.9529411764705882,-0.4647058823529412,-0.711764705882353,-0.38823529411764707,-0.6176470588235294,-0.1588235294117647,-0.7705882352941177,-0.27647058823529413,-1.0,-0.2823529411764706,-0.6823529411764706,-0.20588235294117646,-0.611764705882353,0.041176470588235294,-0.7470588235294118,-0.07058823529411765,-0.9117647058823529,-0.09411764705882353,-0.5941176470588235,-0.01764705882352941,-0.5235294117647059,0.25882352941176473,-0.6823529411764706,0.13529411764705881,-0.8294117647058824,0.08823529411764706,-0.6176470588235294,0.13529411764705881,-0.5352941176470588
23,Right,0.0,0.0,-0.2619047619047619,-0.16666666666666666,-0.42857142857142855,-0.44642857142857145,-0.43452380952380953,-0.6964285714285714,-0.35714285714285715,-0.8928571428571429,-0.3273809523809524,-0.75,-0.4642857142857143,-0.9583333333333334,-0.4583333333333333,-0.7083333333333334,-0.38095238095238093,-0.6071428571428571,-0.14285714285714285,-0.7678571428571429,-0.2619047619047619,-1.0,-0.27976190476190477,-0.6785714285714286,-0.19642857142857142,-0.6071428571428571,0.05357142857142857,-0.7380952380952381,-0.06547619047619048,-0.9226190476190477,-0.08928571428571429,-0.6011904761904762,-0.011904761904761904,-0.5238095238095238,0.26785714285714285,-0.6785714285714286,0.14285714285714285,-0.8392857142857143,0.08928571428571429,-0.625,0.13690476190476192,-0.5416666666666666
23,Right,0.0,0.0,-0.2619047619047619,-0.17261904761904762,-0.4226190476190476,-0.4523809523809524,-0.42857142857142855,-0.7023809523809523,-0.3333333333333333,-0.8869047619047619,-0.3392857142857143,-0.7559523809523809,-0.47619047619047616,-0.9583333333333334,-0.4642857142857143,-0.7083333333333334,-0.38095238095238093,-0.6190476190476191,-0.1488095238095238,-0.7797619047619048,-0.26785714285714285,-1.0,-0.27976190476190477,-0.6845238095238095,-0.19642857142857142,-0.6190476190476191,0.05357142857142857,-0.75,-0.07142857142857142,-0.9226190476190477,-0.08928571428571429,-0.6011904761904762,-0.011904761904761904,-0.5297619047619048,0.26785714285714285,-0.6904761904761905,0.13690476190476192,-0.8392857142857143,0.08928571428571429,-0.625,0.14285714285714285,-0.5476190476190477
23,Right,0.0,0.0,-0.25595238095238093,-0.17857142857142858,-0.4166666666666667,-0.4523809523809524,-0.42857142857142855,-0.7023809523809523,-0.35119047619047616,-0.8928571428571429,-0.3273809523809524,-0.7619047619047619,-0.4583333333333333,-0.9583333333333334,-0.4523809523809524,-0.7202380952380952,-0.36904761904761907,-0.625,-0.14285714285714285,-0.7797619047619048,-0.25595238095238093,-1.0,-0.27380952380952384,-0.6904761904761905,-0.19047619047619047,-0.6130952380952381,0.05952380952380952,-0.7559523809523809,-0.05952380952380952,-0.9285714285714286,-0.08928571428571429,-0.6130952380952381,-0.011904761904761904,-0.5297619047619048,0.26785714285714285,-0.6845238095238095,0.14285714285714285,-0.8452380952380952,0.09523809523809523,-0.6369047619047619,0.14285714285714285,-0.5476190476190477
23,Right,0.0,0.0,-0.26506024096385544,-0.16265060240963855,-0.4457831325301205,-0.4397590361445783,-0.463855421686747,-0.6987951807228916,-0.37349397590361444,-0.8975903614457831,-0.3192771084337349,-0.7530120481927711,-0.463855421686747,-0.963855421686747,-0.4578313253012048,-0.7108433734939759,-0.3674698795180723,-0.6204819277108434,-0.13855421686746988,-0.7710843373493976,-0.26506024096385544,-1.0,-0.28313253012048195,-0.6867469879518072,-0.1927710843373494,-0.6144578313253012,0.05421686746987952,-0.7469879518072289,-0.07228915662650602,-0.9337349397590361,-0.10240963855421686,-0.6144578313253012,-0.012048192771084338,-0.536144578313253,0.26506024096385544,-0.6807228915662651,0.12650602409638553,-0.8373493975903614,0.0783132530120482,-0.6265060240963856,0.13855421686746988,-0.5481927710843374
23,Right,0.0,0.0,-0.26506024096385544,-0.1686746987951807,-0.45180722891566266,-0.4397590361445783,-0.4939759036144578,-0.6867469879518072,-0.39759036144578314,-0.8795180722891566,-0.2891566265060241,-0.7710843373493976,-0.43373493975903615,-0.9819277108433735,-0.42771084337349397,-0.7228915662650602,-0.3493975903614458,-0.6265060240963856,-0.12048192771084337,-0.7831325301204819,-0.25301204819277107,-1.0,-0.2710843373493976,-0.6867469879518072,-0.1746987951807229,-0.6144578313253012,0.060240963855421686,-0.7530120481927711,-0.0783132530120482,-0.9337349397590361,-0.10240963855421686,-0.6204819277108434,-0.012048192771084338,-0.5481927710843374,0.26506024096385544,-0.6867469879518072,0.12048192771084337,-0.8433734939759037,0.06626506024096386,-0.6385542168674698,0.13253012048192772,-0.5602409638554217
23,Right,0.0,0.0,-0.2754491017964072,-0.17964071856287425,-0.4491017964071856,-0.4431137724550898,-0.5149700598802395,-0.6766467065868264,-0.437125748502994,-0.8802395209580839,-0.23952095808383234,-0.7904191616766467,-0.40718562874251496,-0.9820359281437125,-0.41317365269461076,-0.718562874251497,-0.31736526946107785,-0.6227544910179641,-0.08982035928143713,-0.7904191616766467,-0.25748502994011974,-1.0,-0.281437125748503,-0.6766467065868264,-0.16766467065868262,-0.6047904191616766,0.07784431137724551,-0.7604790419161677,-0.10778443113772455,-0.9281437125748503,-0.1317365269461078,-0.6107784431137725,-0.017964071856287425,-0.5389221556886228,0.2694610778443114,-0.6946107784431138,0.0718562874251497,-0.8323353293413174,0.017964071856287425,-0.6227544910179641,0.10778443113772455,-0.5389221556886228
23,Right,0.0,0.0,-0.2603550295857988,-0.17751479289940827,-0.41420118343195267,-0.44970414201183434,-0.514792899408284,-0.6568047337278107,-0.5443786982248521,-0.8579881656804734,-0.15976331360946747,-0.8402366863905325,-0.33136094674556216,-1.0,-0.38461538461538464,-0.7751479289940828,-0.31952662721893493,-0.650887573964497,-0.023668639053254437,-0.8402366863905325,-0.25443786982248523,-1.0,-0.31952662721893493,-0.7100591715976331,-0.21893491124260356,-0.6153846153846154,0.11242603550295859,-0.7928994082840237,-0.1301775147928994,-0.9112426035502958,-0.1893491124260355,-0.6272189349112426,-0.08284023668639054,-0.5443786982248521,0.25443786982248523,-0.6982248520710059,0.011834319526627219,-0.7869822485207101,-0.05325443786982249,-0.5976331360946746,0.029585798816568046,-0.5207100591715976
23,Right,0.0,0.0,-0.29651162790697677,-0.18604651162790697,-0.4476744186046512,-0.4476744186046512,-0.5697674418604651,-0.627906976744186,-0.7093023255813954,-0.7790697674418605,-0.05232558139534884,-0.877906976744186,-0.3430232558139535,-1.0,-0.4476744186046512,-0.7965116279069767,-0.4127906976744186,-0.6569767441860465,0.046511627906976744,-0.8662790697674418,-0.3372093023255814,-0.9767441860465116,-0.4127906976744186,-0.7151162790697675,-0.3313953488372093,-0.5988372093023255,0.10465116279069768,-0.7965116279069767,-0.27906976744186046,-0.8313953488372093,-0.32558139534883723,-0.5988372093023255,-0.22093023255813954,-0.5290697674418605,0.12209302325581395,-0.6802325581395349,-0.19186046511627908,-0.6976744186046512,-0.23255813953488372,-0.5465116279069767,-0.13372093023255813,-0.5
23,Right,0.0,0.0,-0.3128491620111732,-0.18435754189944134,-0.44692737430167595,-0.41899441340782123,-0.5251396648044693,-0.5698324022346368,-0.5810055865921788,-0.6871508379888268,-0.1005586592178771,-0.8100558659217877,-0.3575418994413408,-1.0,-0.5363128491620112,-0.8547486033519553,-0.5754189944134078,-0.7150837988826816,-0.0335195530726257,-0.7597765363128491,-0.44692737430167595,-0.8659217877094972,-0.5921787709497207,-0.6759776536312849,-0.5865921787709497,-0.5586592178770949,-0.027932960893854747,-0.659217877094972,-0.46368715083798884,-0.6256983240223464,-0.4860335195530726,-0.44692737430167595,-0.39664804469273746,-0.37988826815642457,-0.07262569832402235,-0.5307262569832403,-0.4022346368715084,-0.4748603351955307,-0.40782122905027934,-0.35195530726256985,-0.3240223463687151,-0.3128491620111732
23,Right,0.0,0.0,-0.045454545454545456,-0.32323232323232326,-0.21717171717171718,-0.5606060606060606,-0.4090909090909091,-0.6161616161616161,-0.5909090909090909,-0.5959595959595959,-0.25252525252525254,-0.696969696969697,-0.43434343434343436,-0.9090909090909091,-0.5959595959595959,-0.9797979797979798,-0.7373737373737373,-1.0,-0.3434343434343434,-0.6161616161616161,-0.6717171717171717,-0.6464646464646465,-0.8535353535353535,-0.5858585858585859,-0.9747474747474747,-0.5454545454545454,-0.4292929292929293,-0.48484848484848486,-0.6818181818181818,-0.3939393939393939,-0.6363636363636364,-0.2727272727272727,-0.5555555555555556,-0.23232323232323232,-0.51010101010101,-0.3333333333333333,-0.6666666666666666,-0.24242424242424243,-0.6111111111111112,-0.15151515151515152,-0.5202020202020202,-0.11616161616161616
23,Right,0.0,0.0,0.037209302325581395,-0.22790697674418606,-0.004651162790697674,-0.4372093023255814,0.004651162790697674,-0.5953488372093023,0.10232558139534884,-0.6790697674418604,-0.2837209302325581,-0.5674418604651162,-0.4930232558139535,-0.7813953488372093,-0.6232558139534884,-0.9069767441860465,-0.7302325581395349,-1.0,-0.4232558139534884,-0.4697674418604651,-0.6976744186046512,-0.4790697674418605,-0.8651162790697674,-0.4558139534883721,-0.9720930232558139,-0.44651162790697674,-0.5069767441860465,-0.33488372093023255,-0.7302325581395349,-0.2744186046511628,-0.8465116279069768,-0.28837209302325584,-0.9255813953488372,-0.3116279069767442,-0.5674418604651162,-0.17209302325581396,-0.627906976744186,-0.08837209302325581,-0.5906976744186047,-0.06046511627906977,-0.5348837209302325,-0.05581395348837209
23,Right,0.0,0.0,0.06363636363636363,-0.22272727272727272,0.05454545454545454,-0.41818181818181815,0.08181818181818182,-0.5545454545454546,0.18636363636363637,-0.6272727272727273,-0.2636363636363636,-0.5590909090909091,-0.4409090909090909,-0.7727272727272727,-0.5545454545454546,-0.9090909090909091,-0.65,-1.0,-0.4,-0.4636363636363636,-0.6227272727272727,-0.4409090909090909,-0.740909090909091,-0.38636363636363635,-0.8272727272727273,-0.35454545454545455,-0.4863636363636364,-0.32727272727272727,-0.5636363636363636,-0.22727272727272727,-0.4909090909090909,-0.17272727272727273,-0.41818181818181815,-0.15,-0.5454545454545454,-0.17727272727272728,-0.5636363636363636,-0.07272727272727272,-0.4818181818181818,-0.03636363636363636,-0.40454545454545454,-0.02727272727272727
23,Right,0.0,0.0,0.07692307692307693,-0.22171945701357465,0.07692307692307693,-0.4253393665158371,0.11312217194570136,-0.5746606334841629,0.22171945701357465,-0.6515837104072398,-0.26244343891402716,-0.5656108597285068,-0.43891402714932126,-0.7737556561085973,-0.5475113122171946,-0.9049773755656109,-0.6380090497737556,-1.0,-0.39819004524886875,-0.4660633484162896,-0.579185520361991,-0.4298642533936652,-0.6923076923076923,-0.36199095022624433,-0.7782805429864253,-0.3167420814479638,-0.4841628959276018,-0.3257918552036199,-0.5475113122171946,-0.23076923076923078,-0.4841628959276018,-0.18099547511312217,-0.4117647058823529,-0.15384615384615385,-0.5384615384615384,-0.17194570135746606,-0.5429864253393665,-0.08597285067873303,-0.4660633484162896,-0.049773755656108594,-0.3891402714932127,-0.04072398190045249
23,Right,0.0,0.0,0.0776255707762557,-0.2100456621004566,0.0730593607305936,-0.410958904109589,0.1095890410958904,-0.547945205479452,0.2237442922374429,-0.6118721461187214,-0.2511415525114155,-0.5616438356164384,-0.4246575342465753,-0.771689497716895,-0.5296803652968036,-0.9041095890410958,-0.6164383561643836,-1.0,-0.3881278538812785,-0.4657534246575342,-0.5844748858447488,-0.4337899543378995,-0.6986301369863014,-0.365296803652968,-0.7853881278538812,-0.319634703196347,-0.4748858447488584,-0.3287671232876712,-0.5342465753424658,-0.228310502283105,-0.4657534246575342,-0.1780821917808219,-0.3972602739726027,-0.1506849315068493,-0.5342465753424658,-0.182648401826484,-0.54337899543379,-0.0958904109589041,-0.4611872146118721,-0.0547945205479452,-0.3881278538812785,-0.045662100456621
23,Right,0.0,0.0,0.0821917808219178,-0.2146118721461187,0.0776255707762557,-0.4063926940639269,0.1232876712328767,-0.5388127853881278,0.2374429223744292,-0.6073059360730594,-0.2328767123287671,-0.5707762557077626,-0.3926940639269406,-0.7808219178082192,-0.502283105022831,-0.908675799086758,-0.593607305936073,-1.0,-0.3698630136986301,-0.4794520547945205,-0.5616438356164384,-0.4383561643835616,-0.6621004566210046,-0.365296803652968,-0.7397260273972602,-0.319634703196347,-0.4611872146118721,-0.3424657534246575,-0.5342465753424658,-0.2328767123287671,-0.4748858447488584,-0.1735159817351598,-0.410958904109589,-0.1461187214611872,-0.5205479452054794,-0.1917808219178082,-0.547945205479452,-0.1004566210045662,-0.4748858447488584,-0.0502283105022831,-0.4018264840182648,-0.0365296803652968
23,Right,0.0,0.0,0.08333333333333333,-0.20833333333333334,0.07407407407407407,-0.4027777777777778,0.1111111111111111,-0.5416666666666666,0.2222222222222222,-0.6018518518518519,-0.24537037037037038,-0.5648148148148148,-0.41203703703703703,-0.7685185185185185,-0.5231481481481481,-0.9027777777777778,-0.6203703703703703,-1.0,-0.3888888888888889,-0.4675925925925926,-0.5555555555555556,-0.4212962962962963,-0.6157407407407407,-0.3425925925925926,-0.6527777777777778,-0.28703703703703703,-0.47685185185185186,-0.32407407407407407,-0.5416666666666666,-0.2175925925925926,-0.4861111111111111,-0.16666666666666666,-0.4212962962962963,-0.14814814814814814,-0.5324074074074074,-0.16666666666666666,-0.5601851851851852,-0.07407407407407407,-0.4861111111111111,-0.037037037037037035,-0.4166666666666667,-0.027777777777777776
23,Right,0.0,0.0,0.08530805687203792,-0.21800947867298578,0.07109004739336493,-0.41232227488151657,0.11374407582938388,-0.5545023696682464,0.22748815165876776,-0.6208530805687204,-0.26066350710900477,-0.5639810426540285,-0.4312796208530806,-0.7677725118483413,-0.5450236966824644,-0.9004739336492891,-0.6398104265402843,-1.0,-0.4075829383886256,-0.46919431279620855,-0.5639810426540285,-0.41232227488151657,-0.6018957345971564,-0.3222748815165877,-0.6208530805687204,-0.26540284360189575,-0.4976303317535545,-0.3175355450236967,-0.5450236966824644,-0.2037914691943128,-0.4881516587677725,-0.15165876777251186,-0.4218009478672986,-0.12796208530805686,-0.5497630331753555,-0.15639810426540285,-0.5592417061611374,-0.05687203791469194,-0.4834123222748815,-0.014218009478672985,-0.4075829383886256,-0.004739336492890996
23,Right,0.0,0.0,0.08095238095238096,-0.22380952380952382,0.06666666666666667,-0.41904761904761906,0.10476190476190476,-0.5571428571428572,0.21428571428571427,-0.6238095238095238,-0.2761904761904762,-0.5714285714285714,-0.4523809523809524,-0.7714285714285715,-0.5666666666666667,-0.9,-0.6619047619047619,-1.0,-0.4238095238095238,-0.47619047619047616,-0.5761904761904761,-0.3952380952380952,-0.6190476190476191,-0.3047619047619048,-0.638095238095238,-0.2523809523809524,-0.5095238095238095,-0.3238095238095238,-0.5523809523809524,-0.19523809523809524,-0.4857142857142857,-0.13333333333333333,-0.4238095238095238,-0.10952380952380952,-0.5619047619047619,-0.1619047619047619,-0.5571428571428572,-0.047619047619047616,-0.47619047619047616,0.0,-0.3952380952380952,0.009523809523809525
23,Right,0.0,0.0,0.0761904761904762,-0.22380952380952382,0.06666666666666667,-0.41904761904761906,0.10952380952380952,-0.5523809523809524,0.22380952380952382,-0.6190476190476191,-0.2761904761904762,-0.5714285714285714,-0.44761904761904764,-0.7714285714285715,-0.5619047619047619,-0.9,-0.6571428571428571,-1.0,-0.41904761904761906,-0.47619047619047616,-0.5857142857142857,-0.3904761904761905,-0.6428571428571429,-0.3,-0.6761904761904762,-0.2523809523809524,-0.5047619047619047,-0.3333333333333333,-0.5571428571428572,-0.19047619047619047,-0.49523809523809526,-0.13333333333333333,-0.42857142857142855,-0.11428571428571428,-0.5523809523809524,-0.17142857142857143,-0.5619047619047619,-0.05238095238095238,-0.47619047619047616,-0.004761904761904762,-0.4,0.004761904761904762
23,Right,0.0,0.0,0.08095238095238096,-0.21904761904761905,0.07142857142857142,-0.4142857142857143,0.11428571428571428,-0.5523809523809524,0.22380952380952382,-0.6190476190476191,-0.26666666666666666,-0.5666666666666667,-0.4380952380952381,-0.7714285714285715,-0.5476190476190477,-0.9047619047619048,-0.6428571428571429,-1.0,-0.4142857142857143,-0.47619047619047616,-0.5857142857142857,-0.3904761904761905,-0.6428571428571429,-0.3,-0.680952380952381,-0.2523809523809524,-0.5,-0.3333333333333333,-0.5523809523809524,-0.19047619047619047,-0.49047619047619045,-0.1380952380952381,-0.42857142857142855,-0.12380952380952381,-0.5476190476190477,-0.1761904761904762,-0.5523809523809524,-0.05238095238095238,-0.4714285714285714,-0.009523809523809525,-0.3952380952380952,0.0
23,Right,0.0,0.0,0.08133971291866028,-0.215311004784689,0.07655502392344497,-0.40669856459330145,0.11483253588516747,-0.5454545454545454,0.22009569377990432,-0.6124401913875598,-0.2679425837320574,-0.569377990430622,-0.4354066985645933,-0.7703349282296651,-0.5550239234449761,-0.9043062200956937,-0.6507177033492823,-1.0,-0.41148325358851673,-0.47368421052631576,-0.5789473684210527,-0.3923444976076555,-0.6411483253588517,-0.3062200956937799,-0.6842105263157895,-0.2583732057416268,-0.49760765550239233,-0.33014354066985646,-0.5502392344497608,-0.19138755980861244,-0.4880382775119617,-0.1339712918660287,-0.4258373205741627,-0.11483253588516747,-0.5502392344497608,-0.1722488038277512,-0.5550239234449761,-0.05263157894736842,-0.47368421052631576,-0.009569377990430622,-0.4019138755980861,0.0
23,Right,0.0,0.0,0.08095238095238096,-0.21904761904761905,0.07142857142857142,-0.4095238095238095,0.11428571428571428,-0.5428571428571428,0.21904761904761905,-0.6095238095238096,-0.26666666666666666,-0.5714285714285714,-0.42857142857142855,-0.7714285714285715,-0.5428571428571428,-0.9047619047619048,-0.638095238095238,-1.0,-0.4095238095238095,-0.47619047619047616,-0.580952380952381,-0.4,-0.6523809523809524,-0.3142857142857143,-0.7047619047619048,-0.26666666666666666,-0.49523809523809526,-0.3333333333333333,-0.5523809523809524,-0.19523809523809524,-0.49047619047619045,-0.1380952380952381,-0.42857142857142855,-0.12380952380952381,-0.5476190476190477,-0.1761904761904762,-0.5523809523809524,-0.05238095238095238,-0.4714285714285714,-0.009523809523809525,-0.3952380952380952,0.0
23,Right,0.0,0.0,0.08530805687203792,-0.2132701421800948,0.08056872037914692,-0.4028436018957346,0.12322274881516587,-0.5355450236966824,0.23222748815165878,-0.6018957345971564,-0.26066350710900477,-0.5639810426540285,-0.4218009478672986,-0.7725118483412322,-0.5402843601895735,-0.9052132701421801,-0.6350710900473934,-1.0,-0.4028436018957346,-0.46919431279620855,-0.5734597156398105,-0.3981042654028436,-0.6445497630331753,-0.3080568720379147,-0.7014218009478673,-0.2559241706161137,-0.4881516587677725,-0.32701421800947866,-0.5450236966824644,-0.1943127962085308,-0.4834123222748815,-0.13270142180094788,-0.4218009478672986,-0.11848341232227488,-0.5402843601895735,-0.17061611374407584,-0.5497630331753555,-0.052132701421800945,-0.46919431279620855,-0.004739336492890996,-0.3981042654028436,0.004739336492890996
23,Right,0.0,0.0,0.08018867924528301,-0.2169811320754717,0.0660377358490566,-0.4056603773584906,0.10377358490566038,-0.5377358490566038,0.20754716981132076,-0.5990566037735849,-0.2641509433962264,-0.5660377358490566,-0.42452830188679247,-0.7688679245283019,-0.5377358490566038,-0.9056603773584906,-0.6367924528301887,-1.0,-0.4056603773584906,-0.4716981132075472,-0.5754716981132075,-0.3915094339622642,-0.6509433962264151,-0.3018867924528302,-0.6981132075471698,-0.25943396226415094,-0.49056603773584906,-0.32547169811320753,-0.5566037735849056,-0.19811320754716982,-0.5,-0.14150943396226415,-0.4386792452830189,-0.12735849056603774,-0.5471698113207547,-0.1650943396226415,-0.5613207547169812,-0.05660377358490566,-0.4811320754716981,-0.014150943396226415,-0.4056603773584906,-0.0047169811320754715
23,Right,0.0,0.0,0.07511737089201878,-0.2112676056338028,0.06572769953051644,-0.40375586854460094,0.10328638497652583,-0.5352112676056338,0.20657276995305165,-0.6009389671361502,-0.26291079812206575,-0.5586854460093896,-0.4225352112676056,-0.7652582159624414,-0.5352112676056338,-0.9014084507042254,-0.6338028169014085,-1.0,-0.40375586854460094,-0.4647887323943662,-0.568075117370892,-0.39436619718309857,-0.6525821596244131,-0.30985915492957744,-0.7136150234741784,-0.26291079812206575,-0.49295774647887325,-0.323943661971831,-0.5492957746478874,-0.20187793427230047,-0.48826291079812206,-0.15023474178403756,-0.4272300469483568,-0.13145539906103287,-0.5492957746478874,-0.16901408450704225,-0.5539906103286385,-0.06572769953051644,-0.4788732394366197,-0.023474178403755867,-0.40375586854460094,-0.014084507042253521
23,Right,0.0,0.0,0.06976744186046512,-0.20930232558139536,0.05116279069767442,-0.3953488372093023,0.07906976744186046,-0.5255813953488372,0.1813953488372093,-0.586046511627907,-0.25116279069767444,-0.5488372093023256,-0.40930232558139534,-0.7627906976744186,-0.5209302325581395,-0.9023255813953488,-0.6093023255813953,-1.0,-0.386046511627907,-0.4604651162790698,-0.5627906976744186,-0.3953488372093023,-0.6139534883720931,-0.30697674418604654,-0.6372093023255814,-0.2558139534883721,-0.4744186046511628,-0.3209302325581395,-0.5395348837209303,-0.20465116279069767,-0.4930232558139535,-0.14883720930232558,-0.4372093023255814,-0.13023255813953488,-0.5348837209302325,-0.17209302325581396,-0.5488372093023256,-0.07441860465116279,-0.4790697674418605,-0.027906976744186046,-0.413953488372093,-0.018604651162790697
23,Right,0.0,0.0,0.0547945205479452,-0.2054794520547945,0.0273972602739726,-0.3972602739726027,0.0410958904109589,-0.5388127853881278,0.1324200913242009,-0.5981735159817352,-0.2374429223744292,-0.5525114155251142,-0.3881278538812785,-0.771689497716895,-0.4977168949771689,-0.9041095890410958,-0.5844748858447488,-1.0,-0.365296803652968,-0.4611872146118721,-0.5707762557077626,-0.4200913242009132,-0.6712328767123288,-0.3378995433789954,-0.7442922374429224,-0.2831050228310502,-0.4520547945205479,-0.3287671232876712,-0.547945205479452,-0.2146118721461187,-0.4840182648401826,-0.1552511415525114,-0.4155251141552511,-0.136986301369863,-0.5114155251141552,-0.1872146118721461,-0.54337899543379,-0.0821917808219178,-0.4657534246575342,-0.0365296803652968,-0.3881278538812785,-0.0273972602739726
23,Right,0.0,0.0,0.013636363636363636,-0.22272727272727272,-0.04090909090909091,-0.4090909090909091,-0.05454545454545454,-0.5363636363636364,-0.013636363636363636,-0.6227272727272727,-0.23636363636363636,-0.5681818181818182,-0.4,-0.7818181818181819,-0.5181818181818182,-0.9090909090909091,-0.6136363636363636,-1.0,-0.34545454545454546,-0.4818181818181818,-0.6045454545454545,-0.45454545454545453,-0.7454545454545455,-0.37727272727272726,-0.85,-0.33636363636363636,-0.42727272727272725,-0.36363636363636365,-0.5863636363636363,-0.2545454545454545,-0.5136363636363637,-0.19090909090909092,-0.43636363636363634,-0.17272727272727273,-0.4818181818181818,-0.21818181818181817,-0.5727272727272728,-0.12272727272727273,-0.4954545454545455,-0.06818181818181818,-0.42272727272727273,-0.06363636363636363
23,Right,0.0,0.0,-0.04225352112676056,-0.25821596244131456,-0.1784037558685446,-0.4413145539906103,-0.3380281690140845,-0.5117370892018779,-0.4788732394366197,-0.5023474178403756,-0.2535211267605634,-0.5915492957746479,-0.45539906103286387,-0.8075117370892019,-0.6056338028169014,-0.9154929577464789,-0.7323943661971831,-1.0,-0.3286384976525822,-0.5164319248826291,-0.6525821596244131,-0.49765258215962443,-0.8262910798122066,-0.41784037558685444,-0.9436619718309859,-0.37089201877934275,-0.39436619718309857,-0.39436619718309857,-0.6384976525821596,-0.29107981220657275,-0.5774647887323944,-0.19248826291079812,-0.49295774647887325,-0.1596244131455399,-0.4460093896713615,-0.2535211267605634,-0.6103286384976526,-0.15492957746478872,-0.5539906103286385,-0.07981220657276995,-0.47417840375586856,-0.06103286384976526
23,Right,0.0,0.0,-0.1,-0.22857142857142856,-0.26666666666666666,-0.4380952380952381,-0.45714285714285713,-0.5285714285714286,-0.6238095238095238,-0.5238095238095238,-0.2857142857142857,-0.6190476190476191,-0.5285714285714286,-0.8142857142857143,-0.7,-0.8904761904761904,-0.8428571428571429,-0.9428571428571428,-0.29523809523809524,-0.5476190476190477,-0.6904761904761905,-0.5238095238095238,-0.8809523809523809,-0.41904761904761906,-1.0,-0.3238095238095238,-0.3238095238095238,-0.4142857142857143,-0.6428571428571429,-0.3,-0.5857142857142857,-0.2,-0.5,-0.16666666666666666,-0.3523809523809524,-0.2619047619047619,-0.5857142857142857,-0.18095238095238095,-0.5380952380952381,-0.1,-0.4666666666666667,-0.0761904761904762
23,Right,0.0,0.0,-0.14356435643564355,-0.23267326732673269,-0.3217821782178218,-0.4603960396039604,-0.5148514851485149,-0.5891089108910891,-0.6633663366336634,-0.6683168316831684,-0.3217821782178218,-0.6881188118811881,-0.5693069306930693,-0.8465346534653465,-0.7574257425742574,-0.8861386138613861,-0.9108910891089109,-0.8910891089108911,-0.28217821782178215,-0.599009900990099,-0.693069306930693,-0.5495049504950495,-0.8861386138613861,-0.4207920792079208,-1.0,-0.3118811881188119,-0.25742574257425743,-0.4504950495049505,-0.6287128712871287,-0.32673267326732675,-0.5742574257425742,-0.2079207920792079,-0.4801980198019802,-0.16831683168316833,-0.24752475247524752,-0.27722772277227725,-0.5495049504950495,-0.19306930693069307,-0.5148514851485149,-0.11386138613861387,-0.4306930693069307,-0.09900990099009901
23,Right,0.0,0.0,-0.208955223880597,-0.21393034825870647,-0.4427860696517413,-0.39800995024875624,-0.6517412935323383,-0.472636815920398,-0.8159203980099502,-0.5522388059701493,-0.35323383084577115,-0.6417910447761194,-0.6467661691542289,-0.7611940298507462,-0.835820895522388,-0.7263681592039801,-0.9751243781094527,-0.6766169154228856,-0.263681592039801,-0.5323383084577115,-0.6915422885572139,-0.43283582089552236,-0.8855721393034826,-0.2736318407960199,-1.0,-0.1691542288557214,-0.19900497512437812,-0.36318407960199006,-0.5970149253731343,-0.21890547263681592,-0.582089552238806,-0.07462686567164178,-0.5074626865671642,-0.03482587064676617,-0.15422885572139303,-0.1791044776119403,-0.4925373134328358,-0.07462686567164178,-0.5074626865671642,0.009950248756218905,-0.43781094527363185,0.014925373134328358
23,Right,0.0,0.0,-0.1935483870967742,-0.14285714285714285,-0.45622119815668205,-0.23963133640552994,-0.6820276497695853,-0.2764976958525346,-0.8709677419354839,-0.31797235023041476,-0.4009216589861751,-0.4470046082949309,-0.6682027649769585,-0.511520737327189,-0.8571428571428571,-0.46543778801843316,-1.0,-0.4055299539170507,-0.31336405529953915,-0.35944700460829493,-0.6866359447004609,-0.2119815668202765,-0.8663594470046083,-0.05069124423963134,-0.9723502304147466,0.059907834101382486,-0.2350230414746544,-0.21658986175115208,-0.6036866359447005,-0.05069124423963134,-0.5668202764976958,0.05069124423963134,-0.4700460829493088,0.07834101382488479,-0.17050691244239632,-0.055299539170506916,-0.46543778801843316,0.07373271889400922,-0.46543778801843316,0.12903225806451613,-0.4055299539170507,0.12442396313364056
23,Right,0.0,0.0,-0.15873015873015872,-0.1164021164021164,-0.3915343915343915,-0.1746031746031746,-0.6031746031746031,-0.14285714285714285,-0.783068783068783,-0.06349206349206349,-0.31216931216931215,-0.36507936507936506,-0.6243386243386243,-0.38095238095238093,-0.8253968253968254,-0.291005291005291,-1.0,-0.19047619047619047,-0.21693121693121692,-0.25396825396825395,-0.6137566137566137,-0.06349206349206349,-0.8148148148148148,0.14285714285714285,-0.9312169312169312,0.30158730158730157,-0.13756613756613756,-0.1164021164021164,-0.4603174603174603,0.12169312169312169,-0.48148148148148145,0.30158730158730157,-0.43915343915343913,0.38095238095238093,-0.06349206349206349,0.026455026455026454,-0.3386243386243386,0.20634920634920634,-0.3862433862433862,0.3386243386243386,-0.3544973544973545,0.4126984126984127
23,Right,0.0,0.0,-0.2645739910313901,-0.06278026905829596,-0.5650224215246636,-0.013452914798206279,-0.7982062780269058,0.07174887892376682,-1.0,0.12556053811659193,-0.547085201793722,-0.2062780269058296,-0.7668161434977578,-0.08071748878923767,-0.8968609865470852,0.06278026905829596,-0.9865470852017937,0.17937219730941703,-0.4080717488789238,-0.13004484304932734,-0.672645739910314,0.17040358744394618,-0.7937219730941704,0.39461883408071746,-0.852017937219731,0.5381165919282511,-0.26905829596412556,0.0,-0.5291479820627802,0.2914798206278027,-0.57847533632287,0.42152466367713004,-0.5739910313901345,0.4798206278026906,-0.14349775784753363,0.15246636771300448,-0.3542600896860987,0.3721973094170404,-0.42152466367713004,0.452914798206278,-0.4484304932735426,0.47533632286995514
23,Right,0.0,0.0,-0.26732673267326734,-0.04950495049504951,-0.5594059405940595,0.09405940594059406,-0.7574257425742574,0.30198019801980197,-0.905940594059406,0.46534653465346537,-0.5891089108910891,-0.039603960396039604,-0.7970297029702971,0.19801980198019803,-0.9108910891089109,0.3910891089108911,-1.0,0.5544554455445545,-0.40594059405940597,0.024752475247524754,-0.6138613861386139,0.4158415841584158,-0.7079207920792079,0.6881188118811881,-0.7524752475247525,0.8712871287128713,-0.22277227722772278,0.12871287128712872,-0.4158415841584158,0.4801980198019802,-0.4900990099009901,0.6683168316831684,-0.5198019801980198,0.7772277227722773,-0.04950495049504951,0.2524752475247525,-0.21782178217821782,0.5297029702970297,-0.297029702970297,0.6584158415841584,-0.33663366336633666,0.7277227722772277
23,Right,0.0,0.0,-0.2839506172839506,0.006172839506172839,-0.5370370370370371,0.2345679012345679,-0.6728395061728395,0.5061728395061729,-0.7407407407407407,0.7345679012345679,-0.6111111111111112,0.17901234567901234,-0.8518518518518519,0.5740740740740741,-0.9382716049382716,0.7345679012345679,-1.0,0.7345679012345679,-0.3888888888888889,0.24691358024691357,-0.5925925925925926,0.7283950617283951,-0.6358024691358025,0.7345679012345679,-0.6666666666666666,0.7345679012345679,-0.15432098765432098,0.3333333333333333,-0.3271604938271605,0.7345679012345679,-0.37037037037037035,0.7345679012345679,-0.41358024691358025,0.7345679012345679,0.06790123456790123,0.42592592592592593,-0.06172839506172839,0.7345679012345679,-0.09259259259259259,0.7345679012345679,-0.12962962962962962,0.7345679012345679
