class,hand,k0x,k0y,k1x,k1y,k2x,k2y,k3x,k3y,k4x,k4y,k5x,k5y,k6x,k6y,k7x,k7y,k8x,k8y,k9x,k9y,k10x,k10y,k11x,k11y,k12x,k12y,k13x,k13y,k14x,k14y,k15x,k15y,k16x,k16y,k17x,k17y,k18x,k18y,k19x,k19y,k20x,k20y
4,Right,0.0,0.0,-0.2696078431372549,-0.058823529411764705,-0.5637254901960784,0.08333333333333333,-0.7990196078431373,0.24509803921568626,-1.0,0.3137254901960784,-0.4117647058823529,0.08823529411764706,-0.6421568627450981,0.3480392156862745,-0.7794117647058824,0.5,-0.8823529411764706,0.5,-0.24509803921568626,0.22058823529411764,-0.4852941176470588,0.4950980392156863,-0.6421568627450981,0.5,-0.7450980392156863,0.5,-0.10294117647058823,0.3333333333333333,-0.3284313725490196,0.5,-0.47549019607843135,0.5,-0.5833333333333334,0.5,0.0,0.4166666666666667,-0.16666666666666666,0.5,-0.27941176470588236,0.5,-0.36764705882352944,0.5
4,Left,0.0,0.0,0.24324324324324326,-0.0945945945945946,0.5180180180180181,-0.06756756756756757,0.7522522522522522,0.02702702702702703,0.9414414414414415,0.08108108108108109,0.3918918918918919,-0.16666666666666666,0.6756756756756757,-0.036036036036036036,0.8558558558558559,0.05405405405405406,1.0,0.12612612612612611,0.2747747747747748,-0.02702702702702703,0.5855855855855856,0.11711711711711711,0.7882882882882883,0.21621621621621623,0.9414414414414415,0.2882882882882883,0.18018018018018017,0.13063063063063063,0.481981981981982,0.2702702702702703,0.6801801801801802,0.35585585585585583,0.8333333333333334,0.4009009009009009,0.11261261261261261,0.27927927927927926,0.34684684684684686,0.3918918918918919,0.5135135135135135,0.44144144144144143,0.6441441441441441,0.46846846846846846
4,Right,0.0,0.0,-0.2524271844660194,-0.10194174757281553,-0.5533980582524272,-0.06310679611650485,-0.8009708737864077,0.038834951456310676,-1.0,0.11165048543689321,-0.441747572815534,-0.1553398058252427,-0.6990291262135923,-0.019417475728155338,-0.8592233009708737,0.10679611650485436,-0.9951456310679612,0.21844660194174756,-0.3058252427184466,-0.014563106796116505,-0.587378640776699,0.18932038834951456,-0.7912621359223301,0.34951456310679613,-0.9514563106796117,0.46116504854368934,-0.18932038834951456,0.1407766990291262,-0.4563106796116505,0.34951456310679613,-0.6601941747572816,0.4854368932038835,-0.8155339805825242,0.5679611650485437,-0.10194174757281553,0.2912621359223301,-0.3300970873786408,0.470873786407767,-0.49514563106796117,0.5679611650485437,-0.6310679611650486,0.6310679611650486
4,Left,0.0,0.0,0.1917808219178082,-0.0547945205479452,0.4200913242009132,-0.1141552511415525,0.6118721461187214,-0.1324200913242009,0.771689497716895,-0.182648401826484,0.4292237442922374,-0.1598173515981735,0.7031963470319634,-0.2237442922374429,0.8721461187214612,-0.2374429223744292,1.0,-0.2328767123287671,0.3972602739726027,-0.1095890410958904,0.6575342465753424,-0.1506849315068493,0.8310502283105022,-0.136986301369863,0.9908675799086758,-0.1187214611872146,0.3378995433789954,-0.045662100456621,0.5844748858447488,-0.0730593607305936,0.7534246575342466,-0.0639269406392694,0.908675799086758,-0.045662100456621,0.2694063926940639,0.0365296803652968,0.4383561643835616,0.0136986301369863,0.5799086757990868,0.0,0.7168949771689498,-0.0045662100456621
4,Left,0.0,0.0,-0.25,-0.02358490566037736,-0.5141509433962265,-0.04716981132075472,-0.7264150943396226,-0.07075471698113207,-0.9056603773584906,-0.08018867924528301,-0.5188679245283019,-0.02830188679245283,-0.7452830188679245,-0.08962264150943396,-0.8820754716981132,-0.10849056603773585,-1.0,-0.10849056603773585,-0.45754716981132076,-0.0047169811320754715,-0.6698113207547169,-0.07547169811320754,-0.8207547169811321,-0.07547169811320754,-0.9528301886792453,-0.05660377358490566,-0.36792452830188677,0.014150943396226415,-0.5660377358490566,-0.03773584905660377,-0.6933962264150944,-0.009433962264150943,-0.8066037735849056,0.0330188679245283,-0.2641509433962264,0.0330188679245283,-0.4056603773584906,0.018867924528301886,-0.5141509433962265,0.04245283018867924,-0.6226415094339622,0.07075471698113207
4,Left,0.0,0.0,0.1834862385321101,0.0045871559633027525,0.42201834862385323,-0.05045871559633028,0.6100917431192661,-0.08256880733944955,0.7614678899082569,-0.16055045871559634,0.44954128440366975,-0.17889908256880735,0.6972477064220184,-0.24311926605504589,0.8623853211009175,-0.25688073394495414,1.0,-0.26605504587155965,0.39908256880733944,-0.19724770642201836,0.6559633027522935,-0.2798165137614679,0.8348623853211009,-0.27522935779816515,0.9908256880733946,-0.26146788990825687,0.3302752293577982,-0.1834862385321101,0.5779816513761468,-0.28440366972477066,0.7477064220183486,-0.2889908256880734,0.8899082568807339,-0.27522935779816515,0.24770642201834864,-0.13761467889908258,0.41284403669724773,-0.21559633027522937,0.5504587155963303,-0.24311926605504589,0.6834862385321101,-0.24311926605504589
4,Left,0.0,0.0,0.297029702970297,-0.04950495049504951,0.5247524752475248,-0.19306930693069307,0.7277227722772277,-0.2524752475247525,0.9158415841584159,-0.27722772277227725,0.31683168316831684,-0.5742574257425742,0.6237623762376238,-0.6138613861386139,0.8415841584158416,-0.5445544554455446,1.0,-0.4504950495049505,0.21782178217821782,-0.5099009900990099,0.5792079207920792,-0.5396039603960396,0.8267326732673267,-0.4207920792079208,0.9900990099009901,-0.3069306930693069,0.15346534653465346,-0.3564356435643564,0.504950495049505,-0.42574257425742573,0.7475247524752475,-0.3465346534653465,0.900990099009901,-0.2871287128712871,0.12376237623762376,-0.17326732673267325,0.36633663366336633,-0.22277227722772278,0.5445544554455446,-0.24257425742574257,0.6782178217821783,-0.2623762376237624
4,Right,0.0,0.0,-0.3157894736842105,-0.031578947368421054,-0.5894736842105263,-0.15789473684210525,-0.8,-0.21052631578947367,-1.0,-0.23684210526315788,-0.35789473684210527,-0.6368421052631579,-0.6,-0.7578947368421053,-0.8052631578947368,-0.7052631578947368,-0.9578947368421052,-0.6210526315789474,-0.22631578947368422,-0.5842105263157895,-0.5526315789473685,-0.6421052631578947,-0.7842105263157895,-0.49473684210526314,-0.9263157894736842,-0.3526315789473684,-0.12105263157894737,-0.4631578947368421,-0.43157894736842106,-0.49473684210526314,-0.6631578947368421,-0.37894736842105264,-0.8052631578947368,-0.2631578947368421,-0.042105263157894736,-0.29473684210526313,-0.3,-0.3526315789473684,-0.48947368421052634,-0.3105263157894737,-0.6263157894736842,-0.2631578947368421
4,Left,0.0,0.0,0.36683417085427134,-0.10050251256281408,0.5879396984924623,-0.24120603015075376,0.7939698492462312,-0.2914572864321608,1.0,-0.2914572864321608,0.27638190954773867,-0.6733668341708543,0.592964824120603,-0.7286432160804021,0.7839195979899497,-0.678391959798995,0.949748743718593,-0.5979899497487438,0.1708542713567839,-0.6231155778894473,0.5527638190954773,-0.7236180904522613,0.7738693467336684,-0.6482412060301508,0.9396984924623115,-0.5376884422110553,0.11055276381909548,-0.49748743718592964,0.45226130653266333,-0.5879396984924623,0.6884422110552764,-0.5376884422110553,0.8542713567839196,-0.49246231155778897,0.09547738693467336,-0.32663316582914576,0.32160804020100503,-0.4120603015075377,0.48743718592964824,-0.457286432160804,0.628140703517588,-0.49748743718592964
4,Right,0.0,0.0,-0.3282828282828283,-0.06565656565656566,-0.5858585858585859,-0.18181818181818182,-0.797979797979798,-0.22727272727272727,-1.0,-0.2828282828282828,-0.3939393939393939,-0.6464646464646465,-0.6313131313131313,-0.7575757575757576,-0.8131313131313131,-0.7474747474747475,-0.9595959595959596,-0.6919191919191919,-0.2878787878787879,-0.6363636363636364,-0.6161616161616161,-0.7272727272727273,-0.8181818181818182,-0.5858585858585859,-0.9141414141414141,-0.43434343434343436,-0.1919191919191919,-0.5656565656565656,-0.4898989898989899,-0.6262626262626263,-0.696969696969697,-0.494949494949495,-0.8080808080808081,-0.3686868686868687,-0.13131313131313133,-0.4292929292929293,-0.3484848484848485,-0.48484848484848486,-0.5353535353535354,-0.4393939393939394,-0.6616161616161617,-0.3787878787878788
4,Left,0.0,0.0,0.35294117647058826,-0.12834224598930483,0.5828877005347594,-0.2727272727272727,0.7807486631016043,-0.33689839572192515,1.0,-0.3422459893048128,0.24598930481283424,-0.7647058823529411,0.5240641711229946,-0.8770053475935828,0.732620320855615,-0.8449197860962567,0.9037433155080213,-0.7807486631016043,0.13903743315508021,-0.7379679144385026,0.5026737967914439,-0.8877005347593583,0.732620320855615,-0.8181818181818182,0.893048128342246,-0.7112299465240641,0.0855614973262032,-0.6417112299465241,0.41711229946524064,-0.7700534759358288,0.6470588235294118,-0.7379679144385026,0.8181818181818182,-0.6844919786096256,0.0748663101604278,-0.4919786096256685,0.2994652406417112,-0.6096256684491979,0.46524064171123,-0.6631016042780749,0.6042780748663101,-0.6898395721925134
4,Right,0.0,0.0,-0.34,-0.08,-0.595,-0.215,-0.8,-0.26,-1.0,-0.31,-0.385,-0.66,-0.63,-0.78,-0.8,-0.775,-0.95,-0.73,-0.285,-0.665,-0.61,-0.755,-0.805,-0.61,-0.9,-0.455,-0.2,-0.605,-0.5,-0.675,-0.7,-0.535,-0.805,-0.405,-0.145,-0.495,-0.365,-0.55,-0.55,-0.505,-0.665,-0.445
4,Left,0.0,0.0,0.2994652406417112,-0.10695187165775401,0.5240641711229946,-0.26737967914438504,0.7219251336898396,-0.3315508021390374,0.9358288770053476,-0.3315508021390374,0.26737967914438504,-0.7058823529411765,0.4117647058823529,-0.9518716577540107,0.6042780748663101,-0.9946524064171123,0.7807486631016043,-0.983957219251337,0.1497326203208556,-0.6844919786096256,0.34759358288770054,-0.9786096256684492,0.5828877005347594,-1.0,0.7647058823529411,-0.946524064171123,0.06417112299465241,-0.6096256684491979,0.25133689839572193,-0.8983957219251337,0.47593582887700536,-0.9358288770053476,0.6577540106951871,-0.9251336898395722,0.0213903743315508,-0.47593582887700536,0.17647058823529413,-0.679144385026738,0.32620320855614976,-0.7914438502673797,0.45989304812834225,-0.8556149732620321
4,Right,0.0,0.0,-0.3473684210526316,-0.1,-0.6,-0.2578947368421053,-0.8,-0.3105263157894737,-1.0,-0.3368421052631579,-0.4105263157894737,-0.6842105263157895,-0.5842105263157895,-0.8789473684210526,-0.7578947368421053,-0.9052631578947369,-0.9,-0.868421052631579,-0.3,-0.7105263157894737,-0.5421052631578948,-0.9052631578947369,-0.7736842105263158,-0.8315789473684211,-0.9157894736842105,-0.7052631578947368,-0.2,-0.6789473684210526,-0.4368421052631579,-0.8421052631578947,-0.6684210526315789,-0.7315789473684211,-0.8105263157894737,-0.6052631578947368,-0.13157894736842105,-0.5947368421052631,-0.32105263157894737,-0.7210526315789474,-0.5052631578947369,-0.6842105263157895,-0.631578947368421,-0.6157894736842106
4,Left,0.0,0.0,0.2374429223744292,-0.0730593607305936,0.4429223744292237,-0.1917808219178082,0.6210045662100456,-0.2237442922374429,0.7808219178082192,-0.2054794520547945,0.2876712328767123,-0.6073059360730594,0.3835616438356164,-0.8082191780821918,0.4977168949771689,-0.8949771689497716,0.6118721461187214,-0.9452054794520548,0.2054794520547945,-0.6118721461187214,0.3059360730593607,-0.8493150684931506,0.4520547945205479,-0.9452054794520548,0.5844748858447488,-0.9817351598173516,0.1141552511415525,-0.5707762557077626,0.1963470319634703,-0.8264840182648402,0.3378995433789954,-0.9406392694063926,0.4703196347031963,-1.0,0.0365296803652968,-0.4885844748858447,0.1095890410958904,-0.684931506849315,0.2054794520547945,-0.8127853881278538,0.3105022831050228,-0.9041095890410958
4,Right,0.0,0.0,-0.297029702970297,-0.07920792079207921,-0.5148514851485149,-0.22277227722772278,-0.7029702970297029,-0.2623762376237624,-0.8861386138613861,-0.25742574257425743,-0.3910891089108911,-0.6485148514851485,-0.5099009900990099,-0.8663366336633663,-0.6485148514851485,-0.9504950495049505,-0.7821782178217822,-0.9752475247524752,-0.29207920792079206,-0.6683168316831684,-0.4158415841584158,-0.9504950495049505,-0.6188118811881188,-1.0,-0.7871287128712872,-0.9702970297029703,-0.18811881188118812,-0.6485148514851485,-0.30198019801980197,-0.9306930693069307,-0.5198019801980198,-0.9554455445544554,-0.6881188118811881,-0.9108910891089109,-0.09900990099009901,-0.594059405940594,-0.19306930693069307,-0.801980198019802,-0.36633663366336633,-0.8415841584158416,-0.504950495049505,-0.8267326732673267
4,Left,0.0,0.0,0.22608695652173913,-0.05652173913043478,0.4260869565217391,-0.16521739130434782,0.6,-0.1826086956521739,0.7434782608695653,-0.14347826086956522,0.30434782608695654,-0.5739130434782609,0.3826086956521739,-0.7695652173913043,0.4782608695652174,-0.8695652173913043,0.5782608695652174,-0.9347826086956522,0.22608695652173913,-0.5826086956521739,0.3130434782608696,-0.8130434782608695,0.43043478260869567,-0.9260869565217391,0.5521739130434783,-1.0,0.1391304347826087,-0.5608695652173913,0.21739130434782608,-0.8,0.3391304347826087,-0.9173913043478261,0.4652173913043478,-0.991304347826087,0.05652173913043478,-0.508695652173913,0.12608695652173912,-0.6956521739130435,0.2217391304347826,-0.808695652173913,0.3217391304347826,-0.8913043478260869
4,Right,0.0,0.0,-0.2544642857142857,-0.049107142857142856,-0.4732142857142857,-0.16071428571428573,-0.6473214285714286,-0.17857142857142858,-0.7946428571428571,-0.13839285714285715,-0.4017857142857143,-0.5714285714285714,-0.4955357142857143,-0.7767857142857143,-0.59375,-0.8883928571428571,-0.6919642857142857,-0.9598214285714286,-0.3169642857142857,-0.6026785714285714,-0.41517857142857145,-0.8482142857142857,-0.5446428571428571,-0.9508928571428571,-0.6785714285714286,-1.0,-0.22321428571428573,-0.5892857142857143,-0.30357142857142855,-0.8482142857142857,-0.4330357142857143,-0.9375,-0.5625,-0.96875,-0.125,-0.5401785714285714,-0.1875,-0.7366071428571429,-0.29017857142857145,-0.8392857142857143,-0.40625,-0.9017857142857143
4,Left,0.0,0.0,0.20987654320987653,-0.05761316872427984,0.3991769547325103,-0.16872427983539096,0.5679012345679012,-0.18106995884773663,0.6995884773662552,-0.13991769547325103,0.2716049382716049,-0.5555555555555556,0.34156378600823045,-0.757201646090535,0.41975308641975306,-0.8724279835390947,0.49794238683127573,-0.9629629629629629,0.19753086419753085,-0.5637860082304527,0.2757201646090535,-0.7942386831275721,0.38271604938271603,-0.9135802469135802,0.4897119341563786,-1.0,0.11934156378600823,-0.5390946502057613,0.20164609053497942,-0.7736625514403292,0.31275720164609055,-0.8888888888888888,0.42386831275720166,-0.9670781893004116,0.0411522633744856,-0.48148148148148145,0.11522633744855967,-0.6625514403292181,0.205761316872428,-0.7695473251028807,0.3004115226337449,-0.8436213991769548
4,Right,0.0,0.0,-0.26200873362445415,-0.039301310043668124,-0.4759825327510917,-0.14410480349344978,-0.6550218340611353,-0.15283842794759825,-0.7903930131004366,-0.10480349344978165,-0.40611353711790393,-0.5676855895196506,-0.5021834061135371,-0.7685589519650655,-0.5938864628820961,-0.8777292576419214,-0.6899563318777293,-0.9563318777292577,-0.32751091703056767,-0.5938864628820961,-0.43231441048034935,-0.8296943231441049,-0.5589519650655022,-0.9388646288209607,-0.6812227074235808,-1.0,-0.23580786026200873,-0.5764192139737991,-0.33624454148471616,-0.8209606986899564,-0.462882096069869,-0.9170305676855895,-0.5807860262008734,-0.9694323144104804,-0.13537117903930132,-0.5240174672489083,-0.2096069868995633,-0.7117903930131004,-0.31004366812227074,-0.8165938864628821,-0.4192139737991266,-0.8820960698689956
4,Left,0.0,0.0,0.2245762711864407,-0.06779661016949153,0.423728813559322,-0.18220338983050846,0.597457627118644,-0.19915254237288135,0.7415254237288136,-0.15677966101694915,0.288135593220339,-0.5847457627118644,0.3601694915254237,-0.7838983050847458,0.4491525423728814,-0.8983050847457628,0.538135593220339,-0.9788135593220338,0.211864406779661,-0.5889830508474576,0.2923728813559322,-0.8177966101694916,0.4067796610169492,-0.9322033898305084,0.5254237288135594,-1.0,0.13135593220338984,-0.5635593220338984,0.21610169491525424,-0.8008474576271186,0.3389830508474576,-0.9110169491525424,0.461864406779661,-0.9788135593220338,0.05508474576271186,-0.5084745762711864,0.1440677966101695,-0.690677966101695,0.24152542372881355,-0.8008474576271186,0.3432203389830508,-0.8771186440677966
4,Right,0.0,0.0,-0.24680851063829787,-0.04680851063829787,-0.4553191489361702,-0.15319148936170213,-0.625531914893617,-0.16595744680851063,-0.7702127659574468,-0.1276595744680851,-0.3872340425531915,-0.5531914893617021,-0.4808510638297872,-0.7489361702127659,-0.574468085106383,-0.8638297872340426,-0.6680851063829787,-0.9446808510638298,-0.31063829787234043,-0.5787234042553191,-0.40425531914893614,-0.8170212765957446,-0.5319148936170213,-0.9276595744680851,-0.6595744680851063,-1.0,-0.22127659574468084,-0.5574468085106383,-0.3148936170212766,-0.8127659574468085,-0.43829787234042555,-0.9106382978723404,-0.5617021276595745,-0.9659574468085106,-0.1276595744680851,-0.4978723404255319,-0.19574468085106383,-0.6851063829787234,-0.2978723404255319,-0.7872340425531915,-0.4085106382978723,-0.8595744680851064
4,Left,0.0,0.0,0.23684210526315788,-0.07456140350877193,0.44298245614035087,-0.19736842105263158,0.618421052631579,-0.2149122807017544,0.7719298245614035,-0.17105263157894737,0.2982456140350877,-0.5964912280701754,0.3815789473684211,-0.8070175438596491,0.4824561403508772,-0.9122807017543859,0.5789473684210527,-0.9824561403508771,0.21929824561403508,-0.6096491228070176,0.31140350877192985,-0.8464912280701754,0.4342105263157895,-0.9473684210526315,0.5570175438596491,-1.0,0.13596491228070176,-0.5877192982456141,0.23684210526315788,-0.8333333333333334,0.36403508771929827,-0.9342105263157895,0.49122807017543857,-0.9868421052631579,0.06140350877192982,-0.5394736842105263,0.15789473684210525,-0.7192982456140351,0.2631578947368421,-0.8289473684210527,0.3684210526315789,-0.8991228070175439
4,Right,0.0,0.0,-0.27510917030567683,-0.05240174672489083,-0.4890829694323144,-0.16593886462882096,-0.6637554585152838,-0.1703056768558952,-0.8122270742358079,-0.13537117903930132,-0.4104803493449782,-0.5720524017467249,-0.5021834061135371,-0.7729257641921398,-0.6026200873362445,-0.8820960698689956,-0.6986899563318777,-0.9606986899563319,-0.3318777292576419,-0.5938864628820961,-0.43231441048034935,-0.8384279475982532,-0.5676855895196506,-0.9475982532751092,-0.6986899563318777,-1.0,-0.2445414847161572,-0.5720524017467249,-0.33624454148471616,-0.834061135371179,-0.4759825327510917,-0.9301310043668122,-0.6069868995633187,-0.9737991266375546,-0.1572052401746725,-0.5109170305676856,-0.22270742358078602,-0.7030567685589519,-0.33624454148471616,-0.7991266375545851,-0.45414847161572053,-0.8602620087336245
4,Left,0.0,0.0,0.24774774774774774,-0.07207207207207207,0.4594594594594595,-0.2072072072072072,0.6441441441441441,-0.23873873873873874,0.8063063063063063,-0.19369369369369369,0.3108108108108108,-0.6126126126126126,0.4009009009009009,-0.8198198198198198,0.509009009009009,-0.918918918918919,0.6171171171171171,-0.9864864864864865,0.22522522522522523,-0.6261261261261262,0.3333333333333333,-0.8693693693693694,0.46846846846846846,-0.9594594594594594,0.5990990990990991,-1.0,0.14414414414414414,-0.6081081081081081,0.25675675675675674,-0.8513513513513513,0.3963963963963964,-0.9414414414414415,0.527027027027027,-0.9864864864864865,0.06756756756756757,-0.5495495495495496,0.17567567567567569,-0.7297297297297297,0.28378378378378377,-0.8378378378378378,0.38738738738738737,-0.9054054054054054
4,Right,0.0,0.0,-0.2807017543859649,-0.06140350877192982,-0.4956140350877193,-0.17543859649122806,-0.6710526315789473,-0.19298245614035087,-0.8201754385964912,-0.15350877192982457,-0.40789473684210525,-0.5833333333333334,-0.5043859649122807,-0.7894736842105263,-0.6052631578947368,-0.8991228070175439,-0.706140350877193,-0.9736842105263158,-0.3333333333333333,-0.6008771929824561,-0.42105263157894735,-0.8552631578947368,-0.5614035087719298,-0.956140350877193,-0.6929824561403509,-1.0,-0.24561403508771928,-0.5789473684210527,-0.32456140350877194,-0.8421052631578947,-0.4649122807017544,-0.9385964912280702,-0.5964912280701754,-0.9780701754385965,-0.15789473684210525,-0.5131578947368421,-0.2236842105263158,-0.7105263157894737,-0.33771929824561403,-0.8026315789473685,-0.4605263157894737,-0.8596491228070176
4,Left,0.0,0.0,0.2590909090909091,-0.08181818181818182,0.4681818181818182,-0.21818181818181817,0.6545454545454545,-0.25,0.8181818181818182,-0.21363636363636362,0.3,-0.6227272727272727,0.39090909090909093,-0.8363636363636363,0.5045454545454545,-0.9363636363636364,0.6227272727272727,-0.990909090909091,0.21818181818181817,-0.6363636363636364,0.32727272727272727,-0.8772727272727273,0.4727272727272727,-0.9636363636363636,0.6136363636363636,-1.0,0.1318181818181818,-0.6090909090909091,0.2545454545454545,-0.8545454545454545,0.4,-0.9409090909090909,0.5409090909090909,-0.9818181818181818,0.06818181818181818,-0.5454545454545454,0.17272727272727273,-0.7272727272727273,0.2818181818181818,-0.8363636363636363,0.39090909090909093,-0.9
4,Right,0.0,0.0,-0.29333333333333333,-0.057777777777777775,-0.5022222222222222,-0.17777777777777778,-0.68,-0.2,-0.8311111111111111,-0.16444444444444445,-0.41333333333333333,-0.5911111111111111,-0.5022222222222222,-0.8044444444444444,-0.6044444444444445,-0.9111111111111111,-0.7111111111111111,-0.9777777777777777,-0.3333333333333333,-0.6088888888888889,-0.4177777777777778,-0.8666666666666667,-0.5644444444444444,-0.9644444444444444,-0.6977777777777778,-1.0,-0.24444444444444444,-0.5822222222222222,-0.3288888888888889,-0.8488888888888889,-0.47555555555555556,-0.9422222222222222,-0.6133333333333333,-0.9688888888888889,-0.16,-0.5155555555555555,-0.22666666666666666,-0.7155555555555555,-0.3466666666666667,-0.8088888888888889,-0.4711111111111111,-0.8622222222222222
4,Left,0.0,0.0,0.25225225225225223,-0.08108108108108109,0.4594594594594595,-0.21621621621621623,0.6396396396396397,-0.25225225225225223,0.8018018018018018,-0.22072072072072071,0.2927927927927928,-0.6171171171171171,0.3783783783783784,-0.8243243243243243,0.49099099099099097,-0.9279279279279279,0.5990990990990991,-0.9864864864864865,0.2072072072072072,-0.6261261261261262,0.3153153153153153,-0.8648648648648649,0.45495495495495497,-0.9594594594594594,0.5900900900900901,-1.0,0.12612612612612611,-0.5990990990990991,0.24324324324324326,-0.8378378378378378,0.38288288288288286,-0.9324324324324325,0.5225225225225225,-0.9774774774774775,0.05855855855855856,-0.536036036036036,0.16666666666666666,-0.7162162162162162,0.2747747747747748,-0.8198198198198198,0.3783783783783784,-0.8918918918918919
4,Right,0.0,0.0,-0.29333333333333333,-0.06222222222222222,-0.5022222222222222,-0.18222222222222223,-0.6755555555555556,-0.2088888888888889,-0.8311111111111111,-0.18222222222222223,-0.4088888888888889,-0.5911111111111111,-0.49777777777777776,-0.8,-0.6,-0.9066666666666666,-0.7022222222222222,-0.9733333333333334,-0.3288888888888889,-0.6088888888888889,-0.4177777777777778,-0.8666666666666667,-0.56,-0.9644444444444444,-0.6977777777777778,-1.0,-0.24444444444444444,-0.5822222222222222,-0.3244444444444444,-0.8533333333333334,-0.47555555555555556,-0.9422222222222222,-0.6133333333333333,-0.9733333333333334,-0.16,-0.52,-0.22666666666666666,-0.72,-0.3466666666666667,-0.8133333333333334,-0.4711111111111111,-0.8666666666666667
4,Left,0.0,0.0,0.2412280701754386,-0.07894736842105263,0.44298245614035087,-0.2149122807017544,0.618421052631579,-0.25877192982456143,0.7763157894736842,-0.23684210526315788,0.27631578947368424,-0.6052631578947368,0.35964912280701755,-0.8070175438596491,0.4605263157894737,-0.9122807017543859,0.5657894736842105,-0.9824561403508771,0.19736842105263158,-0.6140350877192983,0.2982456140350877,-0.8421052631578947,0.4342105263157895,-0.9429824561403509,0.5614035087719298,-1.0,0.11842105263157894,-0.5877192982456141,0.2236842105263158,-0.8201754385964912,0.35964912280701755,-0.9210526315789473,0.49122807017543857,-0.9736842105263158,0.05263157894736842,-0.5263157894736842,0.14912280701754385,-0.7017543859649122,0.2543859649122807,-0.8114035087719298,0.35526315789473684,-0.881578947368421
4,Right,0.0,0.0,-0.28761061946902655,-0.061946902654867256,-0.4911504424778761,-0.1902654867256637,-0.6592920353982301,-0.22566371681415928,-0.8097345132743363,-0.20353982300884957,-0.3893805309734513,-0.5929203539823009,-0.47345132743362833,-0.8053097345132744,-0.5752212389380531,-0.911504424778761,-0.6814159292035398,-0.9778761061946902,-0.3141592920353982,-0.6106194690265486,-0.3938053097345133,-0.8716814159292036,-0.5398230088495575,-0.9646017699115044,-0.672566371681416,-1.0,-0.23008849557522124,-0.584070796460177,-0.3053097345132743,-0.8539823008849557,-0.4557522123893805,-0.9424778761061947,-0.588495575221239,-0.9734513274336283,-0.14601769911504425,-0.5176991150442478,-0.2079646017699115,-0.7168141592920354,-0.3274336283185841,-0.8053097345132744,-0.45132743362831856,-0.8584070796460177
4,Left,0.0,0.0,0.24347826086956523,-0.08260869565217391,0.4391304347826087,-0.2217391304347826,0.6086956521739131,-0.27391304347826084,0.7608695652173914,-0.27391304347826084,0.27391304347826084,-0.6,0.36086956521739133,-0.7956521739130434,0.4608695652173913,-0.9,0.5565217391304348,-0.9782608695652174,0.1956521739130435,-0.6086956521739131,0.2956521739130435,-0.8347826086956521,0.4217391304347826,-0.9391304347826087,0.5434782608695652,-1.0,0.11304347826086956,-0.5826086956521739,0.21739130434782608,-0.8130434782608695,0.34782608695652173,-0.9173913043478261,0.47391304347826085,-0.9826086956521739,0.043478260869565216,-0.5260869565217391,0.1391304347826087,-0.7043478260869566,0.2391304347826087,-0.8130434782608695,0.3391304347826087,-0.8956521739130435
4,Right,0.0,0.0,-0.29910714285714285,-0.07142857142857142,-0.5,-0.20535714285714285,-0.6651785714285714,-0.25,-0.8214285714285714,-0.24553571428571427,-0.39732142857142855,-0.6026785714285714,-0.48214285714285715,-0.8169642857142857,-0.5892857142857143,-0.9196428571428571,-0.6875,-0.9866071428571429,-0.3169642857142857,-0.6160714285714286,-0.39732142857142855,-0.8839285714285714,-0.5491071428571429,-0.9732142857142857,-0.6830357142857143,-1.0,-0.22767857142857142,-0.5848214285714286,-0.30357142857142855,-0.8616071428571429,-0.4642857142857143,-0.9419642857142857,-0.6026785714285714,-0.9642857142857143,-0.14732142857142858,-0.5178571428571429,-0.20982142857142858,-0.71875,-0.33482142857142855,-0.8080357142857143,-0.45535714285714285,-0.8571428571428571
4,Left,0.0,0.0,0.2324561403508772,-0.08771929824561403,0.42105263157894735,-0.2324561403508772,0.5789473684210527,-0.3026315789473684,0.7192982456140351,-0.32894736842105265,0.2675438596491228,-0.5964912280701754,0.34649122807017546,-0.8026315789473685,0.4517543859649123,-0.8947368421052632,0.5570175438596491,-0.956140350877193,0.17543859649122806,-0.6008771929824561,0.25877192982456143,-0.8508771929824561,0.39473684210526316,-0.9473684210526315,0.5219298245614035,-1.0,0.09210526315789473,-0.5614035087719298,0.16666666666666666,-0.8157894736842105,0.2982456140350877,-0.9210526315789473,0.4298245614035088,-0.9824561403508771,0.021929824561403508,-0.4824561403508772,0.08333333333333333,-0.6622807017543859,0.18859649122807018,-0.7763157894736842,0.29385964912280704,-0.8596491228070176
4,Right,0.0,0.0,-0.2922374429223744,-0.0821917808219178,-0.4977168949771689,-0.2328767123287671,-0.6575342465753424,-0.2876712328767123,-0.8127853881278538,-0.3059360730593607,-0.3515981735159817,-0.6118721461187214,-0.4337899543378995,-0.8493150684931506,-0.5616438356164384,-0.9406392694063926,-0.6712328767123288,-0.9817351598173516,-0.273972602739726,-0.6164383561643836,-0.3561643835616438,-0.91324200913242,-0.5342465753424658,-0.9908675799086758,-0.684931506849315,-1.0,-0.1917808219178082,-0.5844748858447488,-0.2831050228310502,-0.8721461187214612,-0.4748858447488584,-0.9315068493150684,-0.6255707762557078,-0.9360730593607306,-0.1232876712328767,-0.5114155251141552,-0.2191780821917808,-0.7031963470319634,-0.3698630136986301,-0.7808219178082192,-0.502283105022831,-0.817351598173516
4,Left,0.0,0.0,0.2317596566523605,-0.12446351931330472,0.4034334763948498,-0.27467811158798283,0.5450643776824035,-0.3605150214592275,0.6866952789699571,-0.4034334763948498,0.21888412017167383,-0.6008583690987125,0.26180257510729615,-0.8111587982832618,0.38197424892703863,-0.9098712446351931,0.5064377682403434,-0.9699570815450643,0.12875536480686695,-0.5879828326180258,0.1759656652360515,-0.8626609442060086,0.33047210300429186,-0.9570815450643777,0.4721030042918455,-1.0,0.055793991416309016,-0.5321888412017167,0.11587982832618025,-0.759656652360515,0.2832618025751073,-0.8326180257510729,0.4334763948497854,-0.8540772532188842,0.0,-0.43776824034334766,0.055793991416309016,-0.6137339055793991,0.18454935622317598,-0.6866952789699571,0.3133047210300429,-0.721030042918455
4,Right,0.0,0.0,-0.3108108108108108,-0.12612612612612611,-0.5135135135135135,-0.2747747747747748,-0.6801801801801802,-0.33783783783783783,-0.8333333333333334,-0.3783783783783784,-0.35135135135135137,-0.6081081081081081,-0.4369369369369369,-0.8108108108108109,-0.5585585585585585,-0.9054054054054054,-0.6756756756756757,-0.9594594594594594,-0.26126126126126126,-0.6171171171171171,-0.36486486486486486,-0.8828828828828829,-0.5405405405405406,-0.963963963963964,-0.6936936936936937,-1.0,-0.17567567567567569,-0.581081081081081,-0.3063063063063063,-0.8108108108108109,-0.5045045045045045,-0.7612612612612613,-0.6396396396396397,-0.6846846846846847,-0.11711711711711711,-0.4954954954954955,-0.24324324324324326,-0.6666666666666666,-0.4099099099099099,-0.6531531531531531,-0.536036036036036,-0.6036036036036037
4,Left,0.0,0.0,0.26548672566371684,-0.15486725663716813,0.4469026548672566,-0.3230088495575221,0.6017699115044248,-0.42035398230088494,0.7477876106194691,-0.48672566371681414,0.168141592920354,-0.6504424778761062,0.29646017699115046,-0.831858407079646,0.4247787610619469,-0.9336283185840708,0.5486725663716814,-1.0,0.06637168141592921,-0.6283185840707964,0.19911504424778761,-0.8849557522123894,0.37168141592920356,-0.9601769911504425,0.5176991150442478,-0.9867256637168141,0.01327433628318584,-0.5486725663716814,0.25663716814159293,-0.6858407079646017,0.45132743362831856,-0.6327433628318584,0.584070796460177,-0.5619469026548672,0.004424778761061947,-0.4247787610619469,0.21238938053097345,-0.5398230088495575,0.36283185840707965,-0.5265486725663717,0.4646017699115044,-0.49557522123893805
4,Right,0.0,0.0,-0.3456221198156682,-0.15668202764976957,-0.543778801843318,-0.2995391705069124,-0.7050691244239631,-0.3870967741935484,-0.8571428571428571,-0.4838709677419355,-0.3087557603686636,-0.6405529953917051,-0.4608294930875576,-0.8064516129032258,-0.5806451612903226,-0.9078341013824884,-0.6912442396313364,-0.9769585253456221,-0.2119815668202765,-0.6129032258064516,-0.391705069124424,-0.8387096774193549,-0.5576036866359447,-0.9262672811059908,-0.7004608294930875,-1.0,-0.14746543778801843,-0.5483870967741935,-0.45161290322580644,-0.6175115207373272,-0.6175115207373272,-0.47465437788018433,-0.7096774193548387,-0.3640552995391705,-0.12903225806451613,-0.43317972350230416,-0.37327188940092165,-0.45622119815668205,-0.5391705069124424,-0.391705069124424,-0.6497695852534562,-0.3317972350230415
4,Left,0.0,0.0,0.29910714285714285,-0.20535714285714285,0.4642857142857143,-0.38839285714285715,0.6160714285714286,-0.5089285714285714,0.7767857142857143,-0.6160714285714286,0.21428571428571427,-0.6696428571428571,0.34375,-0.8125,0.4642857142857143,-0.9196428571428571,0.5714285714285714,-1.0,0.10267857142857142,-0.6294642857142857,0.2544642857142857,-0.8125,0.40625,-0.9107142857142857,0.5401785714285714,-0.9642857142857143,0.044642857142857144,-0.5223214285714286,0.36160714285714285,-0.5401785714285714,0.5223214285714286,-0.42410714285714285,0.6071428571428571,-0.3125,0.04017857142857143,-0.375,0.3125,-0.39285714285714285,0.4330357142857143,-0.3169642857142857,0.5,-0.23660714285714285
4,Right,0.0,0.0,-0.29385964912280704,-0.17982456140350878,-0.4824561403508772,-0.35964912280701755,-0.6228070175438597,-0.49122807017543857,-0.75,-0.6008771929824561,-0.2236842105263158,-0.5964912280701754,-0.34210526315789475,-0.7807017543859649,-0.43859649122807015,-0.8991228070175439,-0.5307017543859649,-1.0,-0.14912280701754385,-0.5307017543859649,-0.34649122807017546,-0.6710526315789473,-0.5219298245614035,-0.7456140350877193,-0.6622807017543859,-0.8070175438596491,-0.11842105263157894,-0.41228070175438597,-0.4298245614035088,-0.39473684210526316,-0.4780701754385965,-0.2807017543859649,-0.45614035087719296,-0.19736842105263158,-0.11403508771929824,-0.25877192982456143,-0.37280701754385964,-0.2236842105263158,-0.5087719298245614,-0.16228070175438597,-0.5745614035087719,-0.10526315789473684
4,Left,0.0,0.0,0.3251231527093596,-0.27586206896551724,0.5270935960591133,-0.5123152709359606,0.6847290640394089,-0.6600985221674877,0.8078817733990148,-0.8325123152709359,0.18719211822660098,-0.6847290640394089,0.30049261083743845,-0.8078817733990148,0.3891625615763547,-0.9064039408866995,0.46798029556650245,-1.0,0.07881773399014778,-0.5911330049261084,0.29064039408866993,-0.6995073891625616,0.42857142857142855,-0.7487684729064039,0.5369458128078818,-0.8029556650246306,0.03940886699507389,-0.43842364532019706,0.43349753694581283,-0.43349753694581283,0.4482758620689655,-0.3399014778325123,0.39901477832512317,-0.3103448275862069,0.054187192118226604,-0.2561576354679803,0.39901477832512317,-0.2413793103448276,0.4039408866995074,-0.1921182266009852,0.3448275862068966,-0.1921182266009852
4,Right,0.0,0.0,-0.2717391304347826,-0.29891304347826086,-0.5,-0.5815217391304348,-0.6630434782608695,-0.7717391304347826,-0.75,-0.9565217391304348,-0.28804347826086957,-0.6413043478260869,-0.4673913043478261,-0.7771739130434783,-0.5597826086956522,-0.8858695652173914,-0.6304347826086957,-1.0,-0.22282608695652173,-0.5054347826086957,-0.5108695652173914,-0.5978260869565217,-0.6793478260869565,-0.6902173913043478,-0.8206521739130435,-0.782608695652174,-0.21195652173913043,-0.31521739130434784,-0.6086956521739131,-0.30434782608695654,-0.5978260869565217,-0.23369565217391305,-0.5217391304347826,-0.1956521739130435,-0.2391304347826087,-0.10869565217391304,-0.5706521739130435,-0.08695652173913043,-0.6467391304347826,-0.07608695652173914,-0.6467391304347826,-0.08695652173913043
4,Left,0.0,0.0,0.26,-0.295,0.48,-0.555,0.615,-0.76,0.665,-1.0,0.215,-0.51,0.375,-0.565,0.44,-0.585,0.43,-0.595,0.15,-0.335,0.53,-0.355,0.545,-0.345,0.47,-0.345,0.145,-0.14,0.555,-0.135,0.49,-0.135,0.365,-0.145,0.165,0.04,0.52,0.04,0.47,0.005,0.355,-0.015
4,Right,0.0,0.0,-0.19786096256684493,-0.2887700534759358,-0.43315508021390375,-0.5989304812834224,-0.5828877005347594,-0.8128342245989305,-0.5721925133689839,-1.0,-0.25133689839572193,-0.49732620320855614,-0.47058823529411764,-0.5775401069518716,-0.5614973262032086,-0.6256684491978609,-0.6096256684491979,-0.6684491978609626,-0.24064171122994651,-0.27807486631016043,-0.5614973262032086,-0.3582887700534759,-0.7112299465240641,-0.41711229946524064,-0.786096256684492,-0.42245989304812837,-0.26737967914438504,-0.058823529411764705,-0.6363636363636364,-0.12299465240641712,-0.6042780748663101,-0.13903743315508021,-0.4919786096256685,-0.13368983957219252,-0.32620320855614976,0.13368983957219252,-0.6470588235294118,0.08021390374331551,-0.6096256684491979,0.0427807486631016,-0.4919786096256685,0.016042780748663103
4,Left,0.0,0.0,0.18023255813953487,-0.3081395348837209,0.29651162790697677,-0.5697674418604651,0.32558139534883723,-0.7965116279069767,0.25,-1.0,0.011627906976744186,-0.28488372093023256,0.16279069767441862,-0.11046511627906977,0.26744186046511625,-0.011627906976744186,0.3081395348837209,0.06976744186046512,-0.029069767441860465,0.023255813953488372,0.1686046511627907,0.12209302325581395,0.27906976744186046,0.12790697674418605,0.3372093023255814,0.13372093023255813,-0.011627906976744186,0.25,0.22674418604651161,0.3372093023255814,0.313953488372093,0.29069767441860467,0.3488372093023256,0.23837209302325582,0.03488372093023256,0.4069767441860465,0.2616279069767442,0.45930232558139533,0.3313953488372093,0.4011627906976744,0.36046511627906974,0.3313953488372093
4,Right,0.0,0.0,-0.18974358974358974,-0.28717948717948716,-0.4358974358974359,-0.5846153846153846,-0.5794871794871795,-0.8153846153846154,-0.5487179487179488,-1.0,-0.2923076923076923,-0.40512820512820513,-0.517948717948718,-0.4256410256410256,-0.6153846153846154,-0.40512820512820513,-0.6871794871794872,-0.37948717948717947,-0.30256410256410254,-0.17435897435897435,-0.6153846153846154,-0.17435897435897435,-0.7435897435897436,-0.18461538461538463,-0.8102564102564103,-0.19487179487179487,-0.3282051282051282,0.035897435897435895,-0.6461538461538462,0.020512820512820513,-0.6871794871794872,-0.015384615384615385,-0.676923076923077,-0.046153846153846156,-0.36923076923076925,0.2153846153846154,-0.6358974358974359,0.2,-0.6512820512820513,0.15384615384615385,-0.6102564102564103,0.10256410256410256
4,Left,0.0,0.0,0.12972972972972974,-0.3027027027027027,0.16216216216216217,-0.5837837837837838,0.15135135135135136,-0.8108108108108109,0.06486486486486487,-1.0,-0.10270270270270271,-0.31351351351351353,0.0,-0.21621621621621623,0.0918918918918919,-0.14594594594594595,0.16756756756756758,-0.07567567567567568,-0.1837837837837838,-0.08648648648648649,-0.08108108108108109,0.0,0.08648648648648649,0.05405405405405406,0.22162162162162163,0.0918918918918919,-0.2,0.0918918918918919,-0.10270270270270271,0.1783783783783784,0.07027027027027027,0.2,0.21621621621621623,0.1945945945945946,-0.1783783783783784,0.23243243243243245,-0.07567567567567568,0.31891891891891894,0.08648648648648649,0.33513513513513515,0.22702702702702704,0.3081081081081081
4,Right,0.0,0.0,-0.19148936170212766,-0.30319148936170215,-0.4308510638297872,-0.5851063829787234,-0.5531914893617021,-0.8138297872340425,-0.5372340425531915,-1.0,-0.2765957446808511,-0.3829787234042553,-0.5797872340425532,-0.26595744680851063,-0.6648936170212766,-0.2074468085106383,-0.6968085106382979,-0.1702127659574468,-0.24468085106382978,-0.11170212765957446,-0.6170212765957447,-0.005319148936170213,-0.75,-0.015957446808510637,-0.776595744680851,-0.03723404255319149,-0.2393617021276596,0.10638297872340426,-0.6223404255319149,0.14893617021276595,-0.7021276595744681,0.10106382978723404,-0.6861702127659575,0.0425531914893617,-0.25,0.2712765957446808,-0.5797872340425532,0.30319148936170215,-0.6702127659574468,0.23404255319148937,-0.6702127659574468,0.15425531914893617
4,Left,0.0,0.0,0.21604938271604937,-0.25308641975308643,0.38271604938271603,-0.5061728395061729,0.4382716049382716,-0.7654320987654321,0.3888888888888889,-1.0,0.2037037037037037,-0.20987654320987653,0.35185185185185186,-0.018518518518518517,0.3888888888888889,0.06790123456790123,0.4074074074074074,0.14814814814814814,0.08024691358024691,0.030864197530864196,0.2654320987654321,0.2037037037037037,0.37037037037037035,0.2654320987654321,0.4444444444444444,0.32098765432098764,0.012345679012345678,0.20987654320987653,0.2037037037037037,0.37037037037037035,0.3395061728395062,0.38271604938271603,0.4382716049382716,0.36419753086419754,-0.030864197530864196,0.35185185185185186,0.1419753086419753,0.49382716049382713,0.2777777777777778,0.49382716049382713,0.3888888888888889,0.46296296296296297
4,Right,0.0,0.0,-0.193717277486911,-0.2931937172774869,-0.42408376963350786,-0.5863874345549738,-0.5497382198952879,-0.8219895287958116,-0.518324607329843,-1.0,-0.2617801047120419,-0.38219895287958117,-0.5026178010471204,-0.2670157068062827,-0.6073298429319371,-0.193717277486911,-0.675392670157068,-0.14659685863874344,-0.2198952879581152,-0.12041884816753927,-0.5235602094240838,0.005235602094240838,-0.680628272251309,0.010471204188481676,-0.7539267015706806,0.0,-0.2094240837696335,0.09424083769633508,-0.5235602094240838,0.15706806282722513,-0.6492146596858639,0.1256544502617801,-0.7015706806282722,0.06806282722513089,-0.2198952879581152,0.25654450261780104,-0.5130890052356021,0.3036649214659686,-0.612565445026178,0.24607329842931938,-0.6492146596858639,0.16753926701570682
4,Left,0.0,0.0,0.11956521739130435,-0.2717391304347826,0.19021739130434784,-0.5380434782608695,0.19021739130434784,-0.782608695652174,0.11413043478260869,-1.0,-0.04891304347826087,-0.33695652173913043,0.07608695652173914,-0.17391304347826086,0.1793478260869565,-0.04891304347826087,0.23369565217391305,0.07608695652173914,-0.15217391304347827,-0.08152173913043478,0.021739130434782608,0.09782608695652174,0.16304347826086957,0.18478260869565216,0.23369565217391305,0.24456521739130435,-0.17391304347826086,0.10869565217391304,0.021739130434782608,0.2608695652173913,0.16304347826086957,0.29347826086956524,0.25,0.30434782608695654,-0.14130434782608695,0.2391304347826087,0.016304347826086956,0.34782608695652173,0.1358695652173913,0.358695652173913,0.21739130434782608,0.3532608695652174
4,Right,0.0,0.0,-0.2074468085106383,-0.2925531914893617,-0.4308510638297872,-0.574468085106383,-0.5478723404255319,-0.8031914893617021,-0.5159574468085106,-1.0,-0.2553191489361702,-0.35638297872340424,-0.5159574468085106,-0.23404255319148937,-0.6223404255319149,-0.16489361702127658,-0.6861702127659575,-0.12234042553191489,-0.2127659574468085,-0.09042553191489362,-0.5425531914893617,0.0425531914893617,-0.6914893617021277,0.047872340425531915,-0.7553191489361702,0.031914893617021274,-0.20212765957446807,0.12234042553191489,-0.5372340425531915,0.20212765957446807,-0.6702127659574468,0.16489361702127658,-0.7180851063829787,0.10106382978723404,-0.2127659574468085,0.28191489361702127,-0.5159574468085106,0.3351063829787234,-0.6329787234042553,0.2712765957446808,-0.6861702127659575,0.19148936170212766
4,Left,0.0,0.0,0.21518987341772153,-0.2468354430379747,0.3924050632911392,-0.5,0.44936708860759494,-0.7531645569620253,0.3924050632911392,-1.0,0.20253164556962025,-0.21518987341772153,0.3860759493670886,0.012658227848101266,0.45569620253164556,0.13924050632911392,0.4873417721518987,0.2721518987341772,0.08227848101265822,0.04430379746835443,0.2721518987341772,0.2468354430379747,0.3987341772151899,0.3227848101265823,0.4936708860759494,0.3924050632911392,0.006329113924050633,0.23417721518987342,0.22151898734177214,0.43037974683544306,0.379746835443038,0.44936708860759494,0.4936708860759494,0.4620253164556962,-0.02531645569620253,0.379746835443038,0.17088607594936708,0.5316455696202531,0.3291139240506329,0.5443037974683544,0.44936708860759494,0.5443037974683544
4,Right,0.0,0.0,-0.19047619047619047,-0.2962962962962963,-0.43386243386243384,-0.5767195767195767,-0.5502645502645502,-0.8095238095238095,-0.49206349206349204,-1.0,-0.24338624338624337,-0.37037037037037035,-0.5185185185185185,-0.21693121693121692,-0.6137566137566137,-0.164021164021164,-0.6613756613756614,-0.13756613756613756,-0.19576719576719576,-0.10052910052910052,-0.544973544973545,0.037037037037037035,-0.6772486772486772,0.026455026455026454,-0.7037037037037037,-0.005291005291005291,-0.19047619047619047,0.1111111111111111,-0.5555555555555556,0.18518518518518517,-0.6772486772486772,0.13756613756613756,-0.6984126984126984,0.06878306878306878,-0.21164021164021163,0.2751322751322751,-0.5291005291005291,0.31216931216931215,-0.6402116402116402,0.24338624338624337,-0.6772486772486772,0.15873015873015872
4,Left,0.0,0.0,0.11170212765957446,-0.25,0.16489361702127658,-0.526595744680851,0.14893617021276595,-0.7712765957446809,0.09574468085106383,-1.0,-0.12234042553191489,-0.34574468085106386,-0.015957446808510637,-0.19148936170212766,0.07446808510638298,-0.07446808510638298,0.13829787234042554,0.026595744680851064,-0.22872340425531915,-0.10106382978723404,-0.02127659574468085,0.0797872340425532,0.06914893617021277,0.13297872340425532,0.10638297872340426,0.1595744680851064,-0.2393617021276596,0.09042553191489362,0.0,0.24468085106382978,0.10638297872340426,0.24468085106382978,0.15425531914893617,0.2127659574468085,-0.18617021276595744,0.22340425531914893,0.015957446808510637,0.324468085106383,0.10638297872340426,0.31382978723404253,0.14361702127659576,0.2765957446808511
4,Right,0.0,0.0,-0.20430107526881722,-0.2849462365591398,-0.44086021505376344,-0.5698924731182796,-0.553763440860215,-0.8064516129032258,-0.5,-1.0,-0.23655913978494625,-0.3655913978494624,-0.4946236559139785,-0.24193548387096775,-0.6129032258064516,-0.17204301075268819,-0.6827956989247311,-0.12365591397849462,-0.1935483870967742,-0.0913978494623656,-0.543010752688172,0.03763440860215054,-0.6881720430107527,0.03763440860215054,-0.7419354838709677,0.010752688172043012,-0.1935483870967742,0.12365591397849462,-0.553763440860215,0.1935483870967742,-0.6774193548387096,0.15591397849462366,-0.7204301075268817,0.08602150537634409,-0.21505376344086022,0.2849462365591398,-0.5268817204301075,0.3333333333333333,-0.6344086021505376,0.27419354838709675,-0.6720430107526881,0.1935483870967742
4,Left,0.0,0.0,0.19879518072289157,-0.25301204819277107,0.3433734939759036,-0.5180722891566265,0.39759036144578314,-0.7650602409638554,0.35542168674698793,-1.0,0.1144578313253012,-0.2469879518072289,0.3072289156626506,-0.060240963855421686,0.3674698795180723,0.018072289156626505,0.3795180722891566,0.10843373493975904,0.012048192771084338,-0.006024096385542169,0.22289156626506024,0.16265060240963855,0.3373493975903614,0.21686746987951808,0.39759036144578314,0.28313253012048195,-0.03614457831325301,0.18072289156626506,0.18674698795180722,0.3433734939759036,0.3192771084337349,0.3433734939759036,0.4036144578313253,0.3313253012048193,-0.03614457831325301,0.3313253012048193,0.1566265060240964,0.4578313253012048,0.2891566265060241,0.4457831325301205,0.3855421686746988,0.41566265060240964
4,Right,0.0,0.0,-0.20320855614973263,-0.28342245989304815,-0.42780748663101603,-0.5721925133689839,-0.5347593582887701,-0.8074866310160428,-0.47593582887700536,-1.0,-0.2192513368983957,-0.37433155080213903,-0.48663101604278075,-0.24064171122994651,-0.5935828877005348,-0.1711229946524064,-0.6577540106951871,-0.12834224598930483,-0.18181818181818182,-0.10160427807486631,-0.5187165775401069,0.03208556149732621,-0.6577540106951871,0.03208556149732621,-0.7112299465240641,0.0053475935828877,-0.17647058823529413,0.11229946524064172,-0.5347593582887701,0.18716577540106952,-0.6631016042780749,0.1497326203208556,-0.7112299465240641,0.08021390374331551,-0.20855614973262032,0.2727272727272727,-0.5187165775401069,0.32085561497326204,-0.6417112299465241,0.25668449197860965,-0.6898395721925134,0.1657754010695187
4,Left,0.0,0.0,0.15706806282722513,-0.3193717277486911,0.3403141361256545,-0.5759162303664922,0.418848167539267,-0.7958115183246073,0.3717277486910995,-1.0,0.17801047120418848,-0.3507853403141361,0.2617801047120419,-0.18324607329842932,0.3403141361256545,-0.04712041884816754,0.387434554973822,0.06282722513089005,0.14659685863874344,-0.09947643979057591,0.29842931937172773,0.02617801047120419,0.3717277486910995,0.08376963350785341,0.3769633507853403,0.1256544502617801,0.16230366492146597,0.09424083769633508,0.32460732984293195,0.20418848167539266,0.3769633507853403,0.19895287958115182,0.387434554973822,0.193717277486911,0.2094240837696335,0.2198952879581152,0.3612565445026178,0.2879581151832461,0.387434554973822,0.27225130890052357,0.39790575916230364,0.25654450261780104
4,Right,0.0,0.0,-0.19148936170212766,-0.2925531914893617,-0.43617021276595747,-0.5797872340425532,-0.5585106382978723,-0.8085106382978723,-0.526595744680851,-1.0,-0.23404255319148937,-0.3670212765957447,-0.48936170212765956,-0.2765957446808511,-0.6063829787234043,-0.2127659574468085,-0.6808510638297872,-0.16489361702127658,-0.2127659574468085,-0.10638297872340426,-0.5372340425531915,0.005319148936170213,-0.6808510638297872,0.010638297872340425,-0.7446808510638298,-0.010638297872340425,-0.22872340425531915,0.11170212765957446,-0.5691489361702128,0.1702127659574468,-0.6914893617021277,0.12234042553191489,-0.7287234042553191,0.05319148936170213,-0.26063829787234044,0.2712765957446808,-0.574468085106383,0.30319148936170215,-0.6914893617021277,0.22872340425531915,-0.7287234042553191,0.13297872340425532
4,Left,0.0,0.0,0.143646408839779,-0.30939226519337015,0.287292817679558,-0.5524861878453039,0.34806629834254144,-0.7734806629834254,0.32044198895027626,-1.0,0.10497237569060773,-0.3425414364640884,0.2154696132596685,-0.143646408839779,0.30386740331491713,-0.027624309392265192,0.3425414364640884,0.07734806629834254,0.06629834254143646,-0.07734806629834254,0.2596685082872928,0.0718232044198895,0.3425414364640884,0.13259668508287292,0.3314917127071823,0.19337016574585636,0.08287292817679558,0.13812154696132597,0.2596685082872928,0.2541436464088398,0.30939226519337015,0.2596685082872928,0.292817679558011,0.27071823204419887,0.1270718232044199,0.281767955801105,0.281767955801105,0.36464088397790057,0.3314917127071823,0.3425414364640884,0.3314917127071823,0.3314917127071823
4,Right,0.0,0.0,-0.20212765957446807,-0.2872340425531915,-0.425531914893617,-0.5691489361702128,-0.5425531914893617,-0.7978723404255319,-0.5159574468085106,-1.0,-0.22872340425531915,-0.3617021276595745,-0.4946808510638298,-0.24468085106382978,-0.6063829787234043,-0.18085106382978725,-0.6702127659574468,-0.13829787234042554,-0.18617021276595744,-0.09574468085106383,-0.5319148936170213,0.031914893617021274,-0.675531914893617,0.026595744680851064,-0.723404255319149,-0.005319148936170213,-0.17553191489361702,0.11170212765957446,-0.5478723404255319,0.18085106382978725,-0.6808510638297872,0.13829787234042554,-0.723404255319149,0.06382978723404255,-0.20212765957446807,0.2712765957446808,-0.526595744680851,0.324468085106383,-0.6542553191489362,0.26063829787234044,-0.7021276595744681,0.1702127659574468
4,Left,0.0,0.0,0.12121212121212122,-0.3090909090909091,0.2545454545454545,-0.5454545454545454,0.3212121212121212,-0.7636363636363637,0.2727272727272727,-1.0,0.012121212121212121,-0.23636363636363636,0.14545454545454545,-0.006060606060606061,0.22424242424242424,0.11515151515151516,0.24242424242424243,0.21818181818181817,-0.04242424242424243,0.048484848484848485,0.14545454545454545,0.2,0.21818181818181817,0.2606060606060606,0.22424242424242424,0.3333333333333333,-0.030303030303030304,0.2606060606060606,0.15757575757575756,0.3878787878787879,0.21818181818181817,0.41818181818181815,0.23030303030303031,0.4484848484848485,0.012121212121212121,0.3939393939393939,0.18181818181818182,0.49696969696969695,0.23636363636363636,0.4909090909090909,0.24848484848484848,0.49696969696969695
4,Right,0.0,0.0,-0.23163841807909605,-0.2937853107344633,-0.4745762711864407,-0.5649717514124294,-0.615819209039548,-0.7909604519774012,-0.6045197740112994,-1.0,-0.23728813559322035,-0.3615819209039548,-0.5084745762711864,-0.22033898305084745,-0.6497175141242938,-0.14124293785310735,-0.7570621468926554,-0.0847457627118644,-0.1807909604519774,-0.07344632768361582,-0.5480225988700564,0.096045197740113,-0.7288135593220338,0.11299435028248588,-0.8192090395480226,0.096045197740113,-0.1638418079096045,0.15819209039548024,-0.5536723163841808,0.2598870056497175,-0.7005649717514124,0.22598870056497175,-0.768361581920904,0.15254237288135594,-0.1864406779661017,0.327683615819209,-0.5141242937853108,0.4124293785310734,-0.6384180790960452,0.3446327683615819,-0.7005649717514124,0.24293785310734464
4,Left,0.0,0.0,0.22666666666666666,-0.3,0.43333333333333335,-0.5533333333333333,0.52,-0.7733333333333333,0.5066666666666667,-1.0,0.12666666666666668,-0.2733333333333333,0.31333333333333335,-0.02666666666666667,0.4066666666666667,0.14,0.4666666666666667,0.24666666666666667,-0.03333333333333333,0.0,0.17333333333333334,0.2733333333333333,0.36666666666666664,0.36,0.4666666666666667,0.35333333333333333,-0.10666666666666667,0.22,0.09333333333333334,0.43333333333333335,0.29333333333333333,0.5066666666666667,0.4066666666666667,0.49333333333333335,-0.13333333333333333,0.3933333333333333,0.1,0.5666666666666667,0.3,0.6466666666666666,0.42,0.64
4,Right,0.0,0.0,-0.2471264367816092,-0.2988505747126437,-0.5287356321839081,-0.5632183908045977,-0.7011494252873564,-0.7816091954022989,-0.7126436781609196,-1.0,-0.25862068965517243,-0.3620689655172414,-0.5287356321839081,-0.20114942528735633,-0.6724137931034483,-0.11494252873563218,-0.7873563218390804,-0.05747126436781609,-0.1839080459770115,-0.07471264367816093,-0.5747126436781609,0.10344827586206896,-0.7758620689655172,0.14942528735632185,-0.8908045977011494,0.15517241379310345,-0.16666666666666666,0.16091954022988506,-0.5747126436781609,0.26436781609195403,-0.7241379310344828,0.2413793103448276,-0.7931034482758621,0.1896551724137931,-0.1839080459770115,0.3390804597701149,-0.5402298850574713,0.41379310344827586,-0.6666666666666666,0.3620689655172414,-0.7241379310344828,0.27586206896551724
4,Left,0.0,0.0,0.34965034965034963,-0.25874125874125875,0.6993006993006993,-0.45454545454545453,0.9230769230769231,-0.6713286713286714,1.0,-0.9230769230769231,0.45454545454545453,-0.1888111888111888,0.7272727272727273,0.055944055944055944,0.8461538461538461,0.18181818181818182,0.951048951048951,0.2867132867132867,0.3006993006993007,0.1048951048951049,0.5804195804195804,0.3146853146853147,0.7902097902097902,0.4405594405594406,0.951048951048951,0.5244755244755245,0.1958041958041958,0.32867132867132864,0.4965034965034965,0.5454545454545454,0.6923076923076923,0.6153846153846154,0.8531468531468531,0.6503496503496503,0.1258741258741259,0.5174825174825175,0.3916083916083916,0.7272727272727273,0.5594405594405595,0.7692307692307693,0.6993006993006993,0.7762237762237763
4,Right,0.0,0.0,-0.2804878048780488,-0.2865853658536585,-0.5914634146341463,-0.524390243902439,-0.8170731707317073,-0.6951219512195121,-0.8841463414634146,-0.9085365853658537,-0.2682926829268293,-0.31097560975609756,-0.5182926829268293,-0.1402439024390244,-0.6890243902439024,-0.03048780487804878,-0.8475609756097561,0.042682926829268296,-0.17073170731707318,-0.024390243902439025,-0.5426829268292683,0.18292682926829268,-0.8109756097560976,0.2682926829268293,-1.0,0.3170731707317073,-0.13414634146341464,0.21951219512195122,-0.5426829268292683,0.3475609756097561,-0.7378048780487805,0.35365853658536583,-0.8597560975609756,0.3353658536585366,-0.14634146341463414,0.4024390243902439,-0.4878048780487805,0.5060975609756098,-0.6463414634146342,0.47560975609756095,-0.7439024390243902,0.42073170731707316
4,Left,0.0,0.0,0.3021978021978022,-0.21978021978021978,0.6593406593406593,-0.37362637362637363,0.8956043956043956,-0.5164835164835165,1.0,-0.7087912087912088,0.4835164835164835,-0.19230769230769232,0.6648351648351648,0.04395604395604396,0.8241758241758241,0.1978021978021978,0.9505494505494505,0.32967032967032966,0.33516483516483514,0.03296703296703297,0.6043956043956044,0.2967032967032967,0.7967032967032966,0.45054945054945056,0.9395604395604396,0.5604395604395604,0.24175824175824176,0.22527472527472528,0.5164835164835165,0.46153846153846156,0.6978021978021978,0.5439560439560439,0.8186813186813187,0.5824175824175825,0.18681318681318682,0.37362637362637363,0.41208791208791207,0.554945054945055,0.5494505494505495,0.6098901098901099,0.6428571428571429,0.6263736263736264
4,Right,0.0,0.0,-0.29651162790697677,-0.21511627906976744,-0.627906976744186,-0.38953488372093026,-0.872093023255814,-0.47674418604651164,-0.9709302325581395,-0.6337209302325582,-0.3023255813953488,-0.22674418604651161,-0.5465116279069767,-0.005813953488372093,-0.7034883720930233,0.13372093023255813,-0.8430232558139535,0.23837209302325582,-0.16279069767441862,0.01744186046511628,-0.5290697674418605,0.28488372093023256,-0.7965116279069767,0.43023255813953487,-1.0,0.5465116279069767,-0.11046511627906977,0.21511627906976744,-0.4883720930232558,0.4186046511627907,-0.6976744186046512,0.4941860465116279,-0.8604651162790697,0.5465116279069767,-0.10465116279069768,0.36627906976744184,-0.4186046511627907,0.5174418604651163,-0.5755813953488372,0.5523255813953488,-0.6918604651162791,0.563953488372093
4,Left,0.0,0.0,0.27884615384615385,-0.1778846153846154,0.6105769230769231,-0.23076923076923078,0.8557692307692307,-0.2548076923076923,1.0,-0.3557692307692308,0.4423076923076923,-0.057692307692307696,0.625,0.21153846153846154,0.7644230769230769,0.3605769230769231,0.8701923076923077,0.4807692307692308,0.2980769230769231,0.12980769230769232,0.5480769230769231,0.4230769230769231,0.7211538461538461,0.5913461538461539,0.8317307692307693,0.7115384615384616,0.20673076923076922,0.27403846153846156,0.44711538461538464,0.5432692307692307,0.6057692307692307,0.6682692307692307,0.7019230769230769,0.7548076923076923,0.14903846153846154,0.36538461538461536,0.3269230769230769,0.5817307692307693,0.4326923076923077,0.6634615384615384,0.5,0.7211538461538461
4,Right,0.0,0.0,-0.3118279569892473,-0.10752688172043011,-0.6182795698924731,-0.15053763440860216,-0.8655913978494624,-0.12903225806451613,-1.0,-0.22580645161290322,-0.3763440860215054,-0.03763440860215054,-0.532258064516129,0.21505376344086022,-0.6666666666666666,0.3763440860215054,-0.7956989247311828,0.5053763440860215,-0.20967741935483872,0.10215053763440861,-0.3978494623655914,0.3602150537634409,-0.5645161290322581,0.510752688172043,-0.6827956989247311,0.6236559139784946,-0.0967741935483871,0.21505376344086022,-0.2956989247311828,0.43010752688172044,-0.43548387096774194,0.543010752688172,-0.5376344086021505,0.6290322580645161,-0.021505376344086023,0.3064516129032258,-0.16666666666666666,0.489247311827957,-0.25268817204301075,0.5752688172043011,-0.3225806451612903,0.6505376344086021
4,Left,0.0,0.0,0.2869198312236287,-0.09282700421940929,0.5991561181434599,-0.05063291139240506,0.8354430379746836,0.008438818565400843,1.0,-0.03375527426160337,0.48523206751054854,0.10548523206751055,0.6835443037974683,0.4008438818565401,0.8270042194092827,0.5147679324894515,0.9240506329113924,0.5147679324894515,0.350210970464135,0.2489451476793249,0.5780590717299579,0.5147679324894515,0.7172995780590717,0.5147679324894515,0.7890295358649789,0.5147679324894515,0.2489451476793249,0.3628691983122363,0.45569620253164556,0.5147679324894515,0.5864978902953587,0.5147679324894515,0.6624472573839663,0.5147679324894515,0.18143459915611815,0.43037974683544306,0.31645569620253167,0.5147679324894515,0.4050632911392405,0.5147679324894515,0.47257383966244726,0.5147679324894515
