class,hand,k0x,k0y,k0z,k1x,k1y,k1z,k2x,k2y,k2z,k3x,k3y,k3z,k4x,k4y,k4z,k5x,k5y,k5z,k6x,k6y,k6z,k7x,k7y,k7z,k8x,k8y,k8z,k9x,k9y,k9z,k10x,k10y,k10z,k11x,k11y,k11z,k12x,k12y,k12z,k13x,k13y,k13z,k14x,k14y,k14z,k15x,k15y,k15z,k16x,k16y,k16z,k17x,k17y,k17z,k18x,k18y,k18z,k19x,k19y,k19z,k20x,k20y,k20z
9,Right,0.0,0.0,0.0,-0.3561643835616438,-0.08904109589041095,-0.00011025030163135127,-0.6917808219178082,0.0821917808219178,-0.00019038077287968403,-0.8698630136986302,0.363013698630137,-0.0002419874617833032,-0.8767123287671232,0.6095890410958904,-0.0002946439808696968,-0.5205479452054794,0.10273972602739725,-0.0002860357280389955,-0.8493150684931506,0.4657534246575342,-0.0003736875986734533,-0.9657534246575342,0.6095890410958904,-0.00039817877978576884,-1.0,0.6095890410958904,-0.00040257824556550446,-0.2602739726027397,0.2876712328767123,-0.00025704801947368846,-0.5821917808219178,0.6095890410958904,-0.0003392663755980308,-0.7123287671232876,0.6095890410958904,-0.0003425018412536189,-0.7808219178082192,0.6095890410958904,-0.0003380309825817251,-0.06164383561643835,0.4452054794520548,-0.00022483724587666357,-0.3767123287671233,0.6095890410958904,-0.00028533197987651684,-0.5273972602739726,0.6095890410958904,-0.00027108774555954725,-0.589041095890411,0.6095890410958904,-0.000254359431537052,0.07534246575342465,0.5753424657534246,-0.00019720075878868878,-0.17123287671232876,0.6095890410958904,-0.00024130667773910276,-0.3287671232876712,0.6095890410958904,-0.00023527459072822274,-0.4041095890410959,0.6095890410958904,-0.00022451225257165324
9,Right,0.0,0.0,0.0,-0.15757575757575756,-0.21818181818181817,-5.781453007784876e-05,-0.32727272727272727,-0.3333333333333333,-0.00011839749252940788,-0.5151515151515151,-0.2909090909090909,-0.00017455324096896552,-0.7151515151515152,-0.18787878787878787,-0.00024133156438451944,-0.13333333333333333,-0.21818181818181817,-0.00017411016848737664,-0.34545454545454546,-0.2606060606060606,-0.00023834049493760893,-0.5454545454545454,-0.24848484848484848,-0.00027991595385435975,-0.7272727272727273,-0.19393939393939394,-0.00030363666080850663,-0.030303030303030304,0.0,-0.0001812294353116654,-0.5333333333333333,0.10303030303030303,-0.0002481773158795918,-0.8181818181818182,0.1696969696969697,-0.00027699324912880527,-1.0,0.24848484848484848,-0.000298696993605297,0.030303030303030304,0.2,-0.00018318265017018293,-0.42424242424242425,0.296969696969697,-0.00023711859971971343,-0.5878787878787879,0.3333333333333333,-0.0002380888910886025,-0.6909090909090909,0.3696969696969697,-0.00023780037299936586,0.048484848484848485,0.36363636363636365,-0.0001889578774098206,-0.2727272727272727,0.43636363636363634,-0.00022591084937037962,-0.4,0.45454545454545453,-0.00020635634904341384,-0.47878787878787876,0.46060606060606063,-0.0001895113087943118
9,Right,0.0,0.0,0.0,-0.22872340425531915,-0.2553191489361702,-7.4162383126734195e-06,-0.3882978723404255,-0.46808510638297873,-3.9267545910635885e-05,-0.5053191489361702,-0.5585106382978723,-7.573382561182694e-05,-0.601063829787234,-0.5851063829787234,-0.00011882576446255443,-0.2127659574468085,-0.7287234042553191,-8.628878176517916e-05,-0.3670212765957447,-0.8776595744680851,-0.00014308623205462641,-0.5159574468085106,-0.9468085106382979,-0.00018050154184395936,-0.6595744680851063,-1.0,-0.00020817743682469432,-0.11170212765957446,-0.5904255319148937,-0.00012108377586008358,-0.5212765957446809,-0.5585106382978723,-0.0001883735954443315,-0.7659574468085106,-0.46808510638297873,-0.00021248044435002674,-0.925531914893617,-0.3829787234042553,-0.00022791897866942753,-0.07446808510638298,-0.3882978723404255,-0.0001528930884883883,-0.5,-0.2925531914893617,-0.00020248818537010763,-0.4521276595744681,-0.23404255319148937,-0.0001870919568740431,-0.35106382978723405,-0.22872340425531915,-0.00017538156626694987,-0.0851063829787234,-0.1702127659574468,-0.00018540285476967348,-0.44680851063829785,-0.10638297872340426,-0.00022347476678948427,-0.4095744680851064,-0.0797872340425532,-0.00020519429172595737,-0.2978723404255319,-0.11170212765957446,-0.00018732886948472614
9,Right,0.0,0.0,0.0,-0.22267206477732793,-0.17408906882591094,-1.0686307932348053e-05,-0.3643724696356275,-0.340080971659919,-4.007348291343248e-05,-0.46963562753036436,-0.4331983805668016,-7.294120265322866e-05,-0.5789473684210527,-0.5101214574898786,-0.00010897200681096837,-0.11740890688259109,-0.6275303643724697,-7.12616095216189e-05,-0.2388663967611336,-0.805668016194332,-0.00011933894675429741,-0.3562753036437247,-0.9109311740890689,-0.00014854364660988177,-0.46558704453441296,-1.0,-0.00016968406576777485,-0.05668016194331984,-0.5384615384615384,-9.834014141526025e-05,-0.3684210526315789,-0.6032388663967612,-0.00016271445483732045,-0.5587044534412956,-0.5303643724696356,-0.00018165438875413823,-0.6639676113360324,-0.4574898785425101,-0.000188589582225236,-0.044534412955465584,-0.3967611336032389,-0.00012387429916583783,-0.39271255060728744,-0.3765182186234818,-0.00018169461284007346,-0.4048582995951417,-0.26720647773279355,-0.0001692744346564136,-0.3360323886639676,-0.2145748987854251,-0.00015029592060767895,-0.06477732793522267,-0.242914979757085,-0.00014995221356066822,-0.3643724696356275,-0.23076923076923078,-0.00019513125231792296,-0.3684210526315789,-0.1700404858299595,-0.00018421307498545024,-0.2834008097165992,-0.15384615384615385,-0.00016653320920047697
9,Right,0.0,0.0,0.0,-0.28823529411764703,-0.32941176470588235,4.3117048279729594e-05,-0.47058823529411764,-0.5705882352941176,4.426435277695053e-05,-0.6529411764705882,-0.7058823529411765,2.8520172084481157e-05,-0.7588235294117647,-0.8176470588235294,1.0049558935541198e-05,-0.2411764705882353,-0.8294117647058824,5.529176537557448e-05,-0.5470588235294118,-0.888235294117647,4.7079477958344995e-05,-0.7176470588235294,-0.9470588235294117,2.6446168755309305e-05,-0.8235294117647058,-1.0,6.525746580177127e-06,-0.18235294117647058,-0.7647058823529411,1.5739070860304135e-05,-0.611764705882353,-0.8470588235294118,1.4342963537274672e-05,-0.8117647058823529,-0.9,-1.0796332677695041e-06,-0.9058823529411765,-0.9470588235294117,-2.2899116931190627e-05,-0.17058823529411765,-0.6588235294117647,-2.2979095626877756e-05,-0.6235294117647059,-0.6941176470588235,-1.3481669340976264e-05,-0.6294117647058823,-0.6352941176470588,1.5377472544381482e-05,-0.5294117647058824,-0.6352941176470588,2.4303061291100983e-05,-0.19411764705882353,-0.5352941176470588,-6.180436421014042e-05,-0.5882352941176471,-0.5705882352941176,-5.7631704895409835e-05,-0.5705882352941176,-0.5176470588235295,-3.1722138301012514e-05,-0.4588235294117647,-0.5,-1.5604769804934612e-05
9,Right,0.0,0.0,0.0,-0.2366412213740458,-0.12213740458015267,-6.95586605325897e-06,-0.3549618320610687,-0.2786259541984733,-2.8201668063007336e-05,-0.4580152671755725,-0.3816793893129771,-5.628239268353068e-05,-0.5648854961832062,-0.4580152671755725,-8.543857982042283e-05,-0.08396946564885496,-0.5916030534351145,-1.8725960296912147e-05,-0.16793893129770993,-0.7862595419847328,-5.044558438310287e-05,-0.24427480916030533,-0.9083969465648855,-7.119654618276086e-05,-0.30916030534351147,-1.0,-8.809341079535476e-05,-0.03816793893129771,-0.5687022900763359,-4.145758572213623e-05,-0.3244274809160305,-0.6793893129770993,-9.881965194851489e-05,-0.48091603053435117,-0.5877862595419847,-0.00011634736319208974,-0.5534351145038168,-0.5038167938931297,-0.00011792842189448582,-0.04198473282442748,-0.4961832061068702,-6.543469513092434e-05,-0.3511450381679389,-0.5114503816793893,-0.0001171850985119553,-0.3702290076335878,-0.38549618320610685,-0.00011014615538367889,-0.31679389312977096,-0.31297709923664124,-9.419705012274254e-05,-0.08396946564885496,-0.40458015267175573,-9.089357785725513e-05,-0.3282442748091603,-0.40076335877862596,-0.00012981155052796677,-0.33969465648854963,-0.31297709923664124,-0.00012581309123250466,-0.2824427480916031,-0.2633587786259542,-0.00011349615823123393
9,Right,0.0,0.0,0.0,-0.23255813953488372,-0.1434108527131783,7.142933792478775e-06,-0.3449612403100775,-0.29069767441860467,-1.6018066077535419e-06,-0.44573643410852715,-0.39147286821705424,-2.114468989159483e-05,-0.5503875968992248,-0.46511627906976744,-4.147967972036715e-05,-0.07751937984496124,-0.6085271317829457,2.4239431661785532e-05,-0.1511627906976744,-0.7868217054263565,6.5273408512123844e-06,-0.2131782945736434,-0.9069767441860465,-8.761907061943754e-06,-0.26744186046511625,-1.0,-2.22203837092741e-05,-0.03875968992248062,-0.6007751937984496,-1.0659890706577687e-06,-0.31007751937984496,-0.7170542635658915,-4.238979485263431e-05,-0.46511627906976744,-0.6317829457364341,-5.96255290566235e-05,-0.5310077519379846,-0.5387596899224806,-6.152973357330232e-05,-0.04263565891472868,-0.5503875968992248,-2.8438183804489425e-05,-0.32558139534883723,-0.5697674418604651,-6.78850716029235e-05,-0.36046511627906974,-0.4496124031007752,-6.600135979266365e-05,-0.32170542635658916,-0.3682170542635659,-5.404173763340993e-05,-0.08527131782945736,-0.47674418604651164,-5.644272332854284e-05,-0.313953488372093,-0.4806201550387597,-8.223821082782611e-05,-0.3333333333333333,-0.3875968992248062,-7.718869534113846e-05,-0.2868217054263566,-0.32945736434108525,-6.521060195082153e-05
9,Right,0.0,0.0,0.0,-0.2542372881355932,-0.1228813559322034,1.8206099826517946e-06,-0.3813559322033898,-0.2711864406779661,-6.652831518346292e-06,-0.4957627118644068,-0.3771186440677966,-2.5702982000582872e-05,-0.6059322033898306,-0.4533898305084746,-4.5631175809573894e-05,-0.08898305084745763,-0.6228813559322034,3.332696374005123e-05,-0.15254237288135594,-0.7838983050847458,1.7820466550396087e-05,-0.2033898305084746,-0.902542372881356,4.981591344329383e-08,-0.2457627118644068,-1.0,-1.7689468208971234e-05,-0.0635593220338983,-0.6271186440677966,1.0890518950374886e-05,-0.3559322033898305,-0.7288135593220338,-3.0185867696955617e-05,-0.5042372881355932,-0.6313559322033898,-5.257693616195308e-05,-0.5635593220338984,-0.5296610169491526,-5.978116615276273e-05,-0.08050847457627118,-0.5889830508474576,-1.5016415555111502e-05,-0.3771186440677966,-0.6440677966101694,-6.121655523204254e-05,-0.4491525423728814,-0.5211864406779662,-6.831326087458716e-05,-0.4364406779661017,-0.423728813559322,-6.23410680466593e-05,-0.13559322033898305,-0.5254237288135594,-4.1450583214305786e-05,-0.3813559322033898,-0.5169491525423728,-7.591699667965009e-05,-0.3983050847457627,-0.4152542372881356,-7.948962900151698e-05,-0.3432203389830508,-0.3347457627118644,-7.347948083239145e-05
9,Right,0.0,0.0,0.0,-0.27522935779816515,-0.0963302752293578,1.3625438939977927e-06,-0.41284403669724773,-0.23853211009174313,-1.1925016698424793e-05,-0.5412844036697247,-0.3486238532110092,-3.592827537403505e-05,-0.6422018348623854,-0.44954128440366975,-6.007840105638902e-05,-0.09174311926605505,-0.6192660550458715,3.535174746981691e-05,-0.14678899082568808,-0.7844036697247706,2.2165924389900592e-05,-0.19724770642201836,-0.8990825688073395,7.200579904629179e-06,-0.23394495412844038,-1.0,-1.0013802863321544e-05,-0.06880733944954129,-0.6376146788990825,1.0600037601693682e-05,-0.37155963302752293,-0.7568807339449541,-2.9444738699009484e-05,-0.518348623853211,-0.6467889908256881,-4.8423616751555826e-05,-0.5504587155963303,-0.536697247706422,-5.2858151911806445e-05,-0.0963302752293578,-0.6100917431192661,-1.8340244280299833e-05,-0.39908256880733944,-0.7247706422018348,-6.613249335753025e-05,-0.5091743119266054,-0.6055045871559633,-7.397934743783106e-05,-0.5137614678899083,-0.5091743119266054,-6.979191180838668e-05,-0.1651376146788991,-0.5596330275229358,-4.7369949149913565e-05,-0.43119266055045874,-0.555045871559633,-8.783000240024387e-05,-0.4541284403669725,-0.44954128440366975,-9.573485480748496e-05,-0.38990825688073394,-0.3669724770642202,-9.320648490228e-05
9,Right,0.0,0.0,0.0,-0.2753623188405797,-0.057971014492753624,5.623789441622336e-06,-0.41545893719806765,-0.18840579710144928,-3.865310892580706e-06,-0.5507246376811594,-0.2995169082125604,-2.4856729243536563e-05,-0.6618357487922706,-0.40096618357487923,-4.615229949455106e-05,-0.08695652173913043,-0.5942028985507246,4.406533222959462e-05,-0.13526570048309178,-0.7729468599033816,3.837509077212309e-05,-0.18357487922705315,-0.8985507246376812,3.0857288481540664e-05,-0.2222222222222222,-1.0,1.862917492291138e-05,-0.07246376811594203,-0.6280193236714976,1.8631058938989257e-05,-0.3864734299516908,-0.7439613526570048,-1.3367230972006187e-05,-0.5410628019323671,-0.6376811594202898,-2.6808826351359334e-05,-0.5797101449275363,-0.5362318840579711,-2.786500463983063e-05,-0.10628019323671498,-0.6135265700483091,-1.1165102997327834e-05,-0.42028985507246375,-0.714975845410628,-5.4444876683498985e-05,-0.5265700483091788,-0.5893719806763285,-6.4106803998847e-05,-0.5217391304347826,-0.48792270531400966,-6.19099265239009e-05,-0.18357487922705315,-0.5700483091787439,-4.0695918984451216e-05,-0.4492753623188406,-0.5507246376811594,-8.11874849744385e-05,-0.463768115942029,-0.4396135265700483,-9.326933027349584e-05,-0.391304347826087,-0.357487922705314,-9.380580806961734e-05
9,Right,0.0,0.0,0.0,-0.2634146341463415,-0.03414634146341464,-8.75359508322534e-06,-0.40487804878048783,-0.16097560975609757,-2.486681809149165e-05,-0.5463414634146342,-0.2682926829268293,-4.94423333101159e-05,-0.6634146341463415,-0.375609756097561,-7.318952795935868e-05,-0.07804878048780488,-0.5756097560975609,2.554623166598897e-05,-0.13170731707317074,-0.7609756097560976,1.2507719028649984e-05,-0.18048780487804877,-0.8926829268292683,1.1901733130440977e-06,-0.2097560975609756,-1.0,-1.2561041661879188e-05,-0.06829268292682927,-0.6097560975609756,5.5297852062231295e-06,-0.3853658536585366,-0.7268292682926829,-3.163393285216382e-05,-0.5463414634146342,-0.6292682926829268,-4.600892859261238e-05,-0.5902439024390244,-0.5317073170731708,-4.6735133048964985e-05,-0.1073170731707317,-0.6,-1.990859753838427e-05,-0.4195121951219512,-0.7121951219512195,-6.757373460909243e-05,-0.551219512195122,-0.6,-7.813503255204484e-05,-0.5609756097560976,-0.5170731707317073,-7.598824769985412e-05,-0.18536585365853658,-0.5560975609756098,-4.648601561784772e-05,-0.4585365853658537,-0.5414634146341464,-9.18488528670337e-05,-0.4878048780487805,-0.43414634146341463,-0.00010623572410606785,-0.4195121951219512,-0.35609756097560974,-0.0001075528413784216
9,Right,0.0,0.0,0.0,-0.2619047619047619,-0.04285714285714286,-7.623996613590055e-06,-0.4142857142857143,-0.17142857142857143,-2.4304636959472857e-05,-0.5523809523809524,-0.28095238095238095,-4.9373170876740976e-05,-0.6761904761904762,-0.38571428571428573,-7.386914984948251e-05,-0.09047619047619047,-0.5666666666666667,2.1846088641502044e-05,-0.14761904761904762,-0.7476190476190476,5.9308025351341374e-06,-0.19047619047619047,-0.8857142857142857,-6.492088222032066e-06,-0.21428571428571427,-1.0,-2.039414651474455e-05,-0.07142857142857142,-0.6047619047619047,1.9662463567591376e-07,-0.3952380952380952,-0.7095238095238096,-3.956815802762579e-05,-0.5619047619047619,-0.6047619047619047,-5.352846611251106e-05,-0.6095238095238096,-0.5047619047619047,-5.29878644020326e-05,-0.1,-0.5904761904761905,-2.654599556393239e-05,-0.42857142857142855,-0.6857142857142857,-7.578817992830233e-05,-0.5571428571428572,-0.5714285714285714,-8.39468406438369e-05,-0.5666666666666667,-0.4857142857142857,-7.920747310770082e-05,-0.17142857142857143,-0.5476190476190477,-5.442435851546653e-05,-0.4523809523809524,-0.5238095238095238,-0.00010121408449179743,-0.48095238095238096,-0.41904761904761906,-0.00011403167308223771,-0.4142857142857143,-0.3380952380952381,-0.00011345667452467012
9,Right,0.0,0.0,0.0,-0.2557077625570776,-0.045662100456621,3.7673441768770337e-06,-0.4018264840182648,-0.1689497716894977,-1.0801842247899946e-05,-0.5205479452054794,-0.273972602739726,-3.97584705801632e-05,-0.6301369863013698,-0.3789954337899543,-6.88508317356013e-05,-0.1232876712328767,-0.5799086757990868,4.072709823119681e-05,-0.1643835616438356,-0.7534246575342466,2.548783930076951e-05,-0.2191780821917808,-0.8949771689497716,1.7906624765451502e-05,-0.2465753424657534,-1.0,8.975342274483343e-06,-0.0776255707762557,-0.5981735159817352,8.479183362317818e-06,-0.3835616438356164,-0.7077625570776256,-3.9641668270417135e-05,-0.5616438356164384,-0.5844748858447488,-5.000997617824886e-05,-0.6164383561643836,-0.4794520547945205,-4.0049655599930655e-05,-0.0684931506849315,-0.5844748858447488,-2.9034833341814205e-05,-0.3835616438356164,-0.6118721461187214,-8.333776276185538e-05,-0.4246575342465753,-0.4611872146118721,-7.959348879228349e-05,-0.3561643835616438,-0.3744292237442922,-6.02138014626058e-05,-0.1004566210045662,-0.54337899543379,-6.778746122827174e-05,-0.3835616438356164,-0.5114155251141552,-0.00011643552117476085,-0.3926940639269406,-0.3881278538812785,-0.00011988251187537808,-0.3059360730593607,-0.3242009132420091,-0.00010782154432494796
9,Right,0.0,0.0,0.0,-0.24561403508771928,-0.05263157894736842,1.771834276157828e-05,-0.41228070175438597,-0.18859649122807018,8.545168221735916e-06,-0.5350877192982456,-0.29385964912280704,-2.1448375012149923e-05,-0.6403508771929824,-0.40789473684210525,-5.188648436219754e-05,-0.17982456140350878,-0.5833333333333334,7.176204002019921e-05,-0.22807017543859648,-0.7631578947368421,6.155937670679783e-05,-0.2850877192982456,-0.8991228070175439,5.616231336992353e-05,-0.3157894736842105,-1.0,4.8532101889046674e-05,-0.10964912280701754,-0.5964912280701754,2.7020253755401114e-05,-0.36403508771929827,-0.7105263157894737,-2.3064407577521956e-05,-0.5482456140350878,-0.5921052631578947,-3.3322268092461836e-05,-0.6271929824561403,-0.49122807017543857,-1.9943090180568513e-05,-0.07017543859649122,-0.5789473684210527,-2.3935676185067273e-05,-0.34649122807017546,-0.5833333333333334,-7.324604491590092e-05,-0.34210526315789475,-0.42105263157894735,-6.0581066833919585e-05,-0.25877192982456143,-0.34649122807017546,-3.4621589711242585e-05,-0.05701754385964912,-0.5350877192982456,-7.671808899953385e-05,-0.3157894736842105,-0.5043859649122807,-0.00011494830882276044,-0.31140350877192985,-0.3815789473684211,-0.00010829080658459558,-0.2236842105263158,-0.3333333333333333,-9.035415467921788e-05
9,Right,0.0,0.0,0.0,-0.2,-0.0625,9.356017581119147e-07,-0.3625,-0.20833333333333334,-1.173880626810231e-05,-0.4791666666666667,-0.31666666666666665,-4.101436872708438e-05,-0.5583333333333333,-0.4375,-7.0797785266515e-05,-0.1875,-0.5791666666666667,4.809571220176778e-05,-0.25833333333333336,-0.7625,2.2175476028992355e-05,-0.31666666666666665,-0.8958333333333334,5.861276815277705e-06,-0.3458333333333333,-1.0,-7.346584717489909e-06,-0.09583333333333334,-0.5916666666666667,1.1707523795253156e-05,-0.30833333333333335,-0.7166666666666667,-4.986891034421959e-05,-0.4583333333333333,-0.6041666666666666,-6.673199567375221e-05,-0.5208333333333334,-0.5166666666666667,-5.6833196978297215e-05,-0.016666666666666666,-0.575,-3.175497148548701e-05,-0.2625,-0.5708333333333333,-9.124754905132093e-05,-0.25833333333333336,-0.4,-7.725001910753685e-05,-0.1875,-0.32083333333333336,-4.710014653754868e-05,0.041666666666666664,-0.5166666666666667,-7.808619155911246e-05,-0.19583333333333333,-0.5,-0.00011660353568124412,-0.1875,-0.38333333333333336,-0.00010348927206722535,-0.10833333333333334,-0.3375,-8.032958465991058e-05
9,Right,0.0,0.0,0.0,-0.184,-0.064,-6.842178842788371e-06,-0.34,-0.212,-2.1223735148822697e-05,-0.444,-0.324,-4.866852060965243e-05,-0.508,-0.44,-7.658465028814021e-05,-0.192,-0.564,2.8555205007279483e-05,-0.272,-0.764,-2.280574609329733e-06,-0.324,-0.892,-2.0532639781748686e-05,-0.352,-1.0,-3.443260313085261e-05,-0.096,-0.58,-1.1012768054285972e-06,-0.292,-0.716,-6.67589810591096e-05,-0.432,-0.604,-8.612169892600718e-05,-0.488,-0.512,-7.78598693113679e-05,-0.004,-0.564,-3.693250388911906e-05,-0.22,-0.576,-9.93573275308961e-05,-0.22,-0.4,-8.763581336549464e-05,-0.16,-0.32,-5.9184001843249235e-05,0.076,-0.5,-7.522148461154643e-05,-0.136,-0.496,-0.00011442906231692973,-0.132,-0.368,-0.00010134499342254344,-0.064,-0.32,-7.856025368980113e-05
9,Right,0.0,0.0,0.0,-0.19215686274509805,-0.07450980392156863,-4.442135249442291e-06,-0.34509803921568627,-0.22745098039215686,-1.8779308035983135e-05,-0.4470588235294118,-0.3333333333333333,-4.736848415961624e-05,-0.49411764705882355,-0.4470588235294118,-7.667654087410425e-05,-0.17647058823529413,-0.5647058823529412,3.089906516932802e-05,-0.25882352941176473,-0.7647058823529411,1.1292652279077594e-06,-0.3137254901960784,-0.8980392156862745,-1.6025317790182742e-05,-0.33725490196078434,-1.0,-2.9613399981589254e-05,-0.0784313725490196,-0.5764705882352941,-4.6832400432977546e-07,-0.2823529411764706,-0.7058823529411765,-6.665649607749718e-05,-0.4235294117647059,-0.6,-8.611184657468686e-05,-0.4823529411764706,-0.5176470588235295,-7.849102021112333e-05,0.01568627450980392,-0.5529411764705883,-3.8002797560670176e-05,-0.2196078431372549,-0.5568627450980392,-0.00010080132362569251,-0.21568627450980393,-0.38823529411764707,-8.904627235176689e-05,-0.14901960784313725,-0.30980392156862746,-6.092128383442639e-05,0.09019607843137255,-0.49019607843137253,-7.781588073718953e-05,-0.12941176470588237,-0.4823529411764706,-0.00011618109696900314,-0.12941176470588237,-0.3607843137254902,-0.00010291613440567543,-0.058823529411764705,-0.3176470588235294,-8.087778448738475e-05
9,Right,0.0,0.0,0.0,-0.21568627450980393,-0.08235294117647059,4.229116464058262e-06,-0.3764705882352941,-0.23529411764705882,-7.521200130249068e-06,-0.4745098039215686,-0.33725490196078434,-3.537788967935508e-05,-0.5333333333333333,-0.4470588235294118,-6.3821025292675e-05,-0.1803921568627451,-0.5803921568627451,3.970435017988933e-05,-0.2549019607843137,-0.7764705882352941,1.6560208098549173e-05,-0.3058823529411765,-0.9019607843137255,2.752504750270757e-06,-0.3333333333333333,-1.0,-9.228729395901752e-06,-0.09411764705882353,-0.5882352941176471,4.341482815338988e-06,-0.2980392156862745,-0.7098039215686275,-5.3268472161375135e-05,-0.45098039215686275,-0.615686274509804,-6.9132544200222e-05,-0.5176470588235295,-0.5254901960784314,-6.182398481755894e-05,-0.0196078431372549,-0.5647058823529412,-3.6727094867077826e-05,-0.2627450980392157,-0.5686274509803921,-8.919812646626287e-05,-0.25882352941176473,-0.40784313725490196,-7.704027635269335e-05,-0.19215686274509805,-0.3254901960784314,-5.2552559019900135e-05,0.03137254901960784,-0.4980392156862745,-8.012861505502609e-05,-0.19215686274509805,-0.4823529411764706,-0.00011304885933271839,-0.18823529411764706,-0.37254901960784315,-0.00010204955989298897,-0.11372549019607843,-0.3254901960784314,-8.355058637379461e-05
9,Right,0.0,0.0,0.0,-0.244,-0.092,1.2527130143354271e-05,-0.4,-0.236,4.463938129703138e-06,-0.512,-0.336,-2.11466703846952e-05,-0.584,-0.436,-4.7735294727971225e-05,-0.188,-0.6,5.0856237830231524e-05,-0.248,-0.784,3.822630417496953e-05,-0.304,-0.904,3.0808861897895665e-05,-0.332,-1.0,2.2059017391512726e-05,-0.116,-0.604,1.4058329695473049e-05,-0.352,-0.708,-3.184179442970958e-05,-0.512,-0.608,-4.385034966318813e-05,-0.576,-0.516,-3.680164593308177e-05,-0.068,-0.576,-2.746756042390075e-05,-0.328,-0.576,-7.019432487933841e-05,-0.324,-0.424,-5.919552448241916e-05,-0.252,-0.34,-3.845079097001758e-05,-0.044,-0.512,-7.064146402328219e-05,-0.276,-0.492,-9.844579401462283e-05,-0.264,-0.384,-8.876105996816364e-05,-0.188,-0.332,-7.247111055104937e-05
9,Right,0.0,0.0,0.0,-0.26359832635983266,-0.07531380753138076,1.563525779866655e-05,-0.40585774058577406,-0.2175732217573222,6.561159352505622e-06,-0.5313807531380753,-0.3263598326359833,-1.9138475208380915e-05,-0.6443514644351465,-0.41841004184100417,-4.6742513922496506e-05,-0.1506276150627615,-0.5899581589958159,4.562722415527172e-05,-0.2301255230125523,-0.7740585774058577,3.906359387289163e-05,-0.28451882845188287,-0.895397489539749,3.4509504417965416e-05,-0.30962343096234307,-1.0,2.5777422009997105e-05,-0.09205020920502092,-0.6108786610878661,1.1835703292560193e-05,-0.3891213389121339,-0.702928870292887,-1.907067960104552e-05,-0.5648535564853556,-0.602510460251046,-2.803993752576685e-05,-0.6276150627615062,-0.5104602510460251,-2.6445517174772322e-05,-0.07531380753138076,-0.5857740585774058,-2.5337851203539066e-05,-0.39330543933054396,-0.6443514644351465,-6.024446231503734e-05,-0.46443514644351463,-0.5230125523012552,-5.782459790689545e-05,-0.4309623430962343,-0.4393305439330544,-4.95689844145223e-05,-0.10460251046025104,-0.5355648535564853,-6.283549913629695e-05,-0.3598326359832636,-0.5146443514644351,-9.37513793769528e-05,-0.3598326359832636,-0.4100418410041841,-9.475970167572896e-05,-0.27615062761506276,-0.33472803347280333,-8.86725461540648e-05
9,Right,0.0,0.0,0.0,-0.27312775330396477,-0.07488986784140969,1.8640667449159835e-07,-0.40969162995594716,-0.20704845814977973,-1.3816947649857336e-05,-0.5374449339207048,-0.31277533039647576,-3.902076841093717e-05,-0.6431718061674009,-0.4052863436123348,-6.489986368249513e-05,-0.13215859030837004,-0.6035242290748899,2.841878547899702e-05,-0.2026431718061674,-0.7797356828193832,1.5232735835470502e-05,-0.2511013215859031,-0.9030837004405287,3.946702967274109e-06,-0.2775330396475771,-1.0,-9.358880851734368e-06,-0.1013215859030837,-0.6211453744493393,3.996851046733078e-06,-0.40969162995594716,-0.7312775330396476,-3.159797568977489e-05,-0.5682819383259912,-0.6299559471365639,-4.5587683891513064e-05,-0.6211453744493393,-0.5242290748898678,-4.734720660500411e-05,-0.1145374449339207,-0.5991189427312775,-2.454907616037976e-05,-0.42731277533039647,-0.6828193832599119,-6.75604512437832e-05,-0.5462555066079295,-0.5682819383259912,-7.328986156522262e-05,-0.5594713656387665,-0.4713656387665198,-6.889575037042297e-05,-0.16299559471365638,-0.5418502202643172,-5.3923349153731154e-05,-0.4185022026431718,-0.5286343612334802,-9.35220690803888e-05,-0.43612334801762115,-0.4185022026431718,-0.00010179997593201026,-0.3788546255506608,-0.32599118942731276,-9.954804615207527e-05
9,Right,0.0,0.0,0.0,-0.26244343891402716,-0.07692307692307693,-8.072441258069042e-07,-0.40271493212669685,-0.19909502262443438,-1.3686869322497782e-05,-0.5339366515837104,-0.29411764705882354,-3.6495533349947556e-05,-0.6334841628959276,-0.38461538461538464,-5.8980176136355455e-05,-0.10407239819004525,-0.5882352941176471,2.7143923199568537e-05,-0.16289592760180996,-0.7692307692307693,1.4745791510570782e-05,-0.21266968325791855,-0.8959276018099548,4.386059710643683e-06,-0.25339366515837103,-1.0,-7.74143611739461e-06,-0.09049773755656108,-0.6108597285067874,5.049088953422613e-06,-0.38461538461538464,-0.7239819004524887,-3.0691025369428266e-05,-0.5429864253393665,-0.6244343891402715,-4.506896869803109e-05,-0.6018099547511312,-0.5203619909502263,-4.585847739354719e-05,-0.12217194570135746,-0.5882352941176471,-2.0488540380235033e-05,-0.42081447963800905,-0.6244343891402715,-6.416235835882536e-05,-0.4751131221719457,-0.4841628959276018,-6.946718017209372e-05,-0.4434389140271493,-0.38009049773755654,-6.180999345813064e-05,-0.19457013574660634,-0.5339366515837104,-4.663420588626243e-05,-0.4479638009049774,-0.502262443438914,-8.50843514323902e-05,-0.46153846153846156,-0.3891402714932127,-9.16580981465075e-05,-0.40271493212669685,-0.3031674208144796,-8.631404278948498e-05
9,Right,0.0,0.0,0.0,-0.24423963133640553,-0.06912442396313365,-3.970020867355556e-06,-0.391705069124424,-0.1889400921658986,-1.74405225191799e-05,-0.5345622119815668,-0.271889400921659,-3.965927509433403e-05,-0.6359447004608295,-0.35944700460829493,-6.14569357467276e-05,-0.08755760368663594,-0.5714285714285714,2.3324976215590382e-05,-0.15207373271889402,-0.7603686635944701,1.12564626750994e-05,-0.19815668202764977,-0.8940092165898618,8.69444264172673e-07,-0.23963133640552994,-1.0,-1.0854422789001942e-05,-0.08755760368663594,-0.5944700460829493,4.525150120512258e-06,-0.3686635944700461,-0.7004608294930875,-3.073005252965325e-05,-0.5299539170506913,-0.6082949308755761,-4.726642947082985e-05,-0.6036866359447005,-0.5069124423963134,-4.940025257801969e-05,-0.12903225806451613,-0.5714285714285714,-1.7345756155403677e-05,-0.41935483870967744,-0.5944700460829493,-5.928207436092728e-05,-0.47465437788018433,-0.45622119815668205,-6.812811522754396e-05,-0.45622119815668205,-0.35023041474654376,-6.278092881129374e-05,-0.2119815668202765,-0.5161290322580645,-3.9858694004147434e-05,-0.45622119815668205,-0.47465437788018433,-7.616967364567506e-05,-0.4792626728110599,-0.3640552995391705,-8.43858357334056e-05,-0.43317972350230416,-0.2857142857142857,-8.006666205897599e-05
9,Right,0.0,0.0,0.0,-0.25462962962962965,-0.06944444444444445,-8.508431938048778e-06,-0.4027777777777778,-0.18981481481481483,-2.3610365367342388e-05,-0.5416666666666666,-0.2824074074074074,-4.611778893682518e-05,-0.6527777777777778,-0.35185185185185186,-6.831700509761045e-05,-0.10185185185185185,-0.5694444444444444,1.5795402930063318e-05,-0.1574074074074074,-0.7546296296296297,-7.719495257833368e-07,-0.20833333333333334,-0.8935185185185185,-1.3964957123711617e-05,-0.25,-1.0,-2.710363346188534e-05,-0.09722222222222222,-0.5879629629629629,-1.996779043066676e-06,-0.38425925925925924,-0.6898148148148148,-4.450097845386402e-05,-0.5462962962962963,-0.5833333333333334,-6.276693049958284e-05,-0.6157407407407407,-0.47685185185185186,-6.331807512654024e-05,-0.1388888888888889,-0.5601851851851852,-2.2808339254330065e-05,-0.42592592592592593,-0.5555555555555556,-6.962966546142368e-05,-0.4675925925925926,-0.41203703703703703,-7.712688979729283e-05,-0.42592592592592593,-0.3194444444444444,-6.86951608680116e-05,-0.21296296296296297,-0.5,-4.46035231056792e-05,-0.44907407407407407,-0.44907407407407407,-8.340033040004574e-05,-0.4583333333333333,-0.3333333333333333,-9.008564841142232e-05,-0.4027777777777778,-0.27314814814814814,-8.326375366914981e-05
9,Right,0.0,0.0,0.0,-0.26576576576576577,-0.05855855855855856,-5.766431145194763e-06,-0.4099099099099099,-0.18468468468468469,-2.09246059060358e-05,-0.5315315315315315,-0.27927927927927926,-4.5439401010832616e-05,-0.6441441441441441,-0.36036036036036034,-7.009601095334831e-05,-0.11711711711711711,-0.5720720720720721,1.7158148492819743e-05,-0.17567567567567569,-0.7477477477477478,-5.5570534693489464e-06,-0.22522522522522523,-0.8873873873873874,-2.357559883409183e-05,-0.25675675675675674,-1.0,-3.983571698230594e-05,-0.08558558558558559,-0.5900900900900901,-7.005437842218805e-06,-0.3918918918918919,-0.6891891891891891,-5.784468902220525e-05,-0.5495495495495496,-0.581081081081081,-7.801693042618662e-05,-0.6126126126126126,-0.4774774774774775,-7.851887973273051e-05,-0.0945945945945946,-0.5585585585585585,-3.475847981966758e-05,-0.4144144144144144,-0.5495495495495496,-8.815052550617566e-05,-0.4369369369369369,-0.4009009009009009,-8.890786695550082e-05,-0.38288288288288286,-0.31981981981981983,-7.422742082154357e-05,-0.14864864864864866,-0.5,-6.39857252005514e-05,-0.4099099099099099,-0.4594594594594595,-0.0001083547465136989,-0.4144144144144144,-0.34234234234234234,-0.00011001182947303725,-0.34234234234234234,-0.28378378378378377,-9.826496554618411e-05
9,Right,0.0,0.0,0.0,-0.2510822510822511,-0.06493506493506493,1.4943362969712794e-05,-0.3939393939393939,-0.19047619047619047,-6.59190015281063e-08,-0.5108225108225108,-0.2857142857142857,-3.249859199264812e-05,-0.5930735930735931,-0.3852813852813853,-6.591376461264322e-05,-0.12121212121212122,-0.5844155844155844,3.963207128745706e-05,-0.18181818181818182,-0.7619047619047619,2.249021450212561e-05,-0.24675324675324675,-0.8961038961038961,1.372957449150087e-05,-0.2857142857142857,-1.0,4.4677483777636214e-06,-0.05627705627705628,-0.5930735930735931,-1.762553080148689e-07,-0.3593073593073593,-0.7012987012987013,-4.9014202885441434e-05,-0.5324675324675324,-0.5757575757575758,-5.6495613888114544e-05,-0.5930735930735931,-0.47186147186147187,-4.47968396365276e-05,-0.03463203463203463,-0.5670995670995671,-4.364972034846496e-05,-0.354978354978355,-0.5670995670995671,-8.995117607327198e-05,-0.36363636363636365,-0.41125541125541126,-7.604269991977854e-05,-0.2813852813852814,-0.341991341991342,-5.210350872132632e-05,-0.05627705627705628,-0.5108225108225108,-8.84279516379446e-05,-0.329004329004329,-0.47619047619047616,-0.00012700088946864666,-0.329004329004329,-0.36363636363636365,-0.00012150594920063378,-0.24675324675324675,-0.3116883116883117,-0.00010482952591159073
9,Right,0.0,0.0,0.0,-0.23140495867768596,-0.07024793388429752,1.2746528840379779e-05,-0.3884297520661157,-0.21487603305785125,4.123145174352842e-06,-0.5,-0.3181818181818182,-2.242991926798692e-05,-0.5785123966942148,-0.41735537190082644,-5.026392987863633e-05,-0.15702479338842976,-0.5909090909090909,5.02369479448288e-05,-0.2396694214876033,-0.7727272727272727,3.472903394205955e-05,-0.2975206611570248,-0.9008264462809917,2.5395590414310788e-05,-0.3305785123966942,-1.0,1.4593262612814259e-05,-0.08264462809917356,-0.5991735537190083,1.0237715155742882e-05,-0.3347107438016529,-0.6983471074380165,-3.9065241580172505e-05,-0.5,-0.5826446280991735,-5.099952462340731e-05,-0.5702479338842975,-0.49173553719008267,-4.2726640071263485e-05,-0.03305785123966942,-0.5661157024793388,-3.466984159863241e-05,-0.30991735537190085,-0.5578512396694215,-8.13444848031106e-05,-0.30991735537190085,-0.40082644628099173,-6.777496865022823e-05,-0.23553719008264462,-0.32644628099173556,-4.492516940093779e-05,-0.012396694214876033,-0.49173553719008267,-8.151123772525147e-05,-0.2603305785123967,-0.47107438016528924,-0.00011563499691861276,-0.256198347107438,-0.35537190082644626,-0.0001064156808148785,-0.17768595041322313,-0.30991735537190085,-8.928090021187165e-05
9,Right,0.0,0.0,0.0,-0.2109375,-0.08984375,1.609548528874738e-05,-0.3671875,-0.23046875,5.6235137250726375e-06,-0.46875,-0.33203125,-2.348671548163539e-05,-0.52734375,-0.4375,-5.411771487190409e-05,-0.16796875,-0.58984375,4.923381059568355e-05,-0.24609375,-0.77734375,3.3386400200174915e-05,-0.30078125,-0.90234375,2.266502745412735e-05,-0.3359375,-1.0,1.1194307471373843e-05,-0.0859375,-0.58984375,7.048975230350418e-06,-0.296875,-0.703125,-3.953339980428128e-05,-0.453125,-0.6015625,-5.0337396506006105e-05,-0.51953125,-0.51171875,-4.25843179712726e-05,-0.01953125,-0.55078125,-3.974002972456647e-05,-0.2734375,-0.55859375,-8.108596081940478e-05,-0.27734375,-0.40625,-6.351802291676423e-05,-0.21484375,-0.328125,-3.9592058574566824e-05,0.01171875,-0.47265625,-8.849968869101277e-05,-0.21875,-0.46875,-0.00011547458850175163,-0.21875,-0.359375,-0.00010084914244573584,-0.14453125,-0.3125,-8.183868773842251e-05
9,Right,0.0,0.0,0.0,-0.2037735849056604,-0.09056603773584905,-2.6618169570456475e-06,-0.35471698113207545,-0.2490566037735849,-1.7347969155450284e-05,-0.4528301886792453,-0.3471698113207547,-4.463434469437074e-05,-0.5207547169811321,-0.44150943396226416,-7.239687735029361e-05,-0.15471698113207547,-0.5924528301886792,1.8728529326012303e-05,-0.23773584905660378,-0.7773584905660378,-5.815286177271189e-06,-0.29056603773584905,-0.9018867924528302,-2.2477727283468033e-05,-0.3283018867924528,-1.0,-3.7221192721672024e-05,-0.06792452830188679,-0.5849056603773585,-1.2574850464107103e-05,-0.27547169811320754,-0.6943396226415094,-6.695241478103887e-05,-0.4226415094339623,-0.6075471698113207,-8.273582312145698e-05,-0.49056603773584906,-0.5283018867924528,-7.907274517097937e-05,0.0,-0.5358490566037736,-4.843363472162927e-05,-0.2528301886792453,-0.5358490566037736,-9.710291123464797e-05,-0.26037735849056604,-0.3886792452830189,-8.331432556056002e-05,-0.2,-0.3132075471698113,-6.0716918446729016e-05,0.03773584905660377,-0.4528301886792453,-8.718436095924123e-05,-0.18867924528301888,-0.4490566037735849,-0.00011810018667484604,-0.19245283018867926,-0.35094339622641507,-0.00010511548350291807,-0.12452830188679245,-0.30566037735849055,-8.681552207544539e-05
9,Right,0.0,0.0,0.0,-0.20512820512820512,-0.09523809523809523,7.962464613644406e-07,-0.3516483516483517,-0.2564102564102564,-1.3235843812014283e-05,-0.4542124542124542,-0.3516483516483517,-3.976677540318315e-05,-0.5384615384615384,-0.45054945054945056,-6.722670211539045e-05,-0.15018315018315018,-0.5860805860805861,1.4847889071830773e-05,-0.23076923076923078,-0.7728937728937729,-1.1538949348139365e-05,-0.2783882783882784,-0.8937728937728938,-2.9424342691814197e-05,-0.3076923076923077,-1.0,-4.4612450170345485e-05,-0.06227106227106227,-0.575091575091575,-1.7196728871771392e-05,-0.2564102564102564,-0.706959706959707,-7.357618651407861e-05,-0.4065934065934066,-0.63003663003663,-9.094725611306254e-05,-0.4835164835164835,-0.5531135531135531,-8.827824254036268e-05,0.0,-0.5274725274725275,-5.2737601694959116e-05,-0.24175824175824176,-0.5421245421245421,-0.00010092895995863509,-0.25274725274725274,-0.3992673992673993,-8.844010845069366e-05,-0.19413919413919414,-0.32234432234432236,-6.694085090230554e-05,0.03296703296703297,-0.4432234432234432,-9.052393759423878e-05,-0.18315018315018314,-0.4468864468864469,-0.00011996834555248956,-0.18681318681318682,-0.3516483516483517,-0.00010712731083094737,-0.11721611721611722,-0.3076923076923077,-8.930578131239374e-05
9,Right,0.0,0.0,0.0,-0.21942446043165467,-0.10431654676258993,2.423435375675558e-06,-0.3669064748201439,-0.26258992805755393,-1.1609121788810806e-05,-0.4712230215827338,-0.34532374100719426,-3.7386951425583565e-05,-0.5683453237410072,-0.420863309352518,-6.462760407017493e-05,-0.16906474820143885,-0.5935251798561151,1.042294855334572e-05,-0.2517985611510791,-0.7769784172661871,-1.6234227148167843e-05,-0.29856115107913667,-0.89568345323741,-3.6295220262774786e-05,-0.3273381294964029,-1.0,-5.328362609998989e-05,-0.08273381294964029,-0.5827338129496403,-2.1964919606191972e-05,-0.2733812949640288,-0.7158273381294964,-7.450555300482948e-05,-0.4244604316546763,-0.6546762589928058,-9.382184651843282e-05,-0.5071942446043165,-0.5935251798561151,-9.498332637190165e-05,-0.025179856115107913,-0.5287769784172662,-5.716076887925098e-05,-0.26618705035971224,-0.5359712230215827,-0.00010137727795686857,-0.27697841726618705,-0.39928057553956836,-9.21381694072634e-05,-0.21942446043165467,-0.3273381294964029,-7.493895301014602e-05,0.0,-0.43884892086330934,-9.440252279362436e-05,-0.21223021582733814,-0.4244604316546763,-0.00011992521024592692,-0.2158273381294964,-0.33093525179856115,-0.0001080457351956628,-0.1510791366906475,-0.28776978417266186,-9.276462789218407e-05
9,Right,0.0,0.0,0.0,-0.22695035460992907,-0.10638297872340426,1.5186827737632544e-06,-0.36879432624113473,-0.2624113475177305,-1.746107972542439e-05,-0.48226950354609927,-0.3404255319148936,-4.710146427225554e-05,-0.5815602836879432,-0.4078014184397163,-7.810301309007273e-05,-0.16312056737588654,-0.5815602836879432,-4.024842705574382e-06,-0.25177304964539005,-0.7801418439716312,-3.2506896451508684e-05,-0.3049645390070922,-0.8971631205673759,-5.267753031096554e-05,-0.3404255319148936,-1.0,-6.955701220191111e-05,-0.07801418439716312,-0.5673758865248227,-3.5745375853557056e-05,-0.2765957446808511,-0.7092198581560284,-8.882472882527826e-05,-0.43617021276595747,-0.6595744680851063,-0.00010711319608962276,-0.524822695035461,-0.6099290780141844,-0.00010874850605890254,-0.028368794326241134,-0.5035460992907801,-6.933974323191535e-05,-0.28368794326241137,-0.5070921985815603,-0.00010945423060134787,-0.29432624113475175,-0.3829787234042553,-9.871640496713889e-05,-0.23049645390070922,-0.3262411347517731,-8.262076642778742e-05,-0.01773049645390071,-0.41134751773049644,-0.0001050691147715825,-0.2375886524822695,-0.39361702127659576,-0.00012617352500945959,-0.24113475177304963,-0.3049645390070922,-0.00011321399304531985,-0.17375886524822695,-0.2730496453900709,-9.874953627234649e-05
9,Right,0.0,0.0,0.0,-0.2375886524822695,-0.11702127659574468,1.046345695107583e-05,-0.375886524822695,-0.28368794326241137,-5.654149407196556e-06,-0.48936170212765956,-0.36524822695035464,-3.506379135540149e-05,-0.6028368794326241,-0.42907801418439717,-6.625113242172984e-05,-0.16312056737588654,-0.5886524822695035,1.0260974853339422e-06,-0.2624113475177305,-0.7907801418439716,-2.9025825647867743e-05,-0.32269503546099293,-0.900709219858156,-4.943425390214743e-05,-0.375886524822695,-1.0,-6.673938984044013e-05,-0.07801418439716312,-0.5673758865248227,-3.824336295332427e-05,-0.29432624113475175,-0.7056737588652482,-9.516343407920025e-05,-0.4574468085106383,-0.6524822695035462,-0.00011376115327931423,-0.5460992907801419,-0.5886524822695035,-0.00011550608189716365,-0.03546099290780142,-0.49645390070921985,-7.89595639674541e-05,-0.31560283687943264,-0.4858156028368794,-0.00012138632053079293,-0.3191489361702128,-0.3546099290780142,-0.0001076459637570208,-0.25177304964539005,-0.29432624113475175,-9.014040852169576e-05,-0.031914893617021274,-0.3900709219858156,-0.00012128999139300434,-0.26595744680851063,-0.3617021276595745,-0.00014270120306540847,-0.2624113475177305,-0.2730496453900709,-0.0001272490159533713,-0.1879432624113475,-0.24822695035460993,-0.00011190642106940518
9,Right,0.0,0.0,0.0,-0.24731182795698925,-0.12186379928315412,1.1733516833974494e-05,-0.3906810035842294,-0.27598566308243727,-9.344271644343159e-06,-0.5089605734767025,-0.34767025089605735,-4.287314194978349e-05,-0.6344086021505376,-0.40860215053763443,-7.943985714326192e-05,-0.17562724014336917,-0.5949820788530465,-2.0575328409385487e-05,-0.27956989247311825,-0.8064516129032258,-5.411021642726807e-05,-0.35125448028673834,-0.910394265232975,-7.579045461329932e-05,-0.4229390681003584,-1.0,-9.374911110079841e-05,-0.08243727598566308,-0.5627240143369175,-6.08623818689264e-05,-0.30824372759856633,-0.6845878136200717,-0.00011745297304237186,-0.4767025089605735,-0.6344086021505376,-0.00013321717317432482,-0.5770609318996416,-0.5770609318996416,-0.00013654959889769126,-0.02867383512544803,-0.4731182795698925,-0.00010075337120968806,-0.32616487455197135,-0.4551971326164875,-0.00014102211032763175,-0.3333333333333333,-0.32616487455197135,-0.00012202618748102562,-0.26881720430107525,-0.26523297491039427,-0.0001040802490544917,-0.021505376344086023,-0.35125448028673834,-0.00014195050874964734,-0.26881720430107525,-0.31899641577060933,-0.00016114340465174778,-0.2724014336917563,-0.23297491039426524,-0.00014060304854979222,-0.2007168458781362,-0.2078853046594982,-0.0001232034860336994
9,Right,0.0,0.0,0.0,-0.25757575757575757,-0.125,-1.1593151969457198e-06,-0.4053030303030303,-0.2840909090909091,-3.0379808137581676e-05,-0.5303030303030303,-0.3522727272727273,-7.00276600388799e-05,-0.6742424242424242,-0.38636363636363635,-0.00011320550318919575,-0.16666666666666666,-0.6136363636363636,-3.702266748203701e-05,-0.2878787878787879,-0.8295454545454546,-8.242606114482565e-05,-0.38636363636363635,-0.9204545454545454,-0.0001122988042190152,-0.4734848484848485,-1.0,-0.00013446122647459987,-0.06818181818181818,-0.5606060606060606,-7.463158968722506e-05,-0.3181818181818182,-0.6628787878787878,-0.00014527644975843984,-0.5,-0.5871212121212122,-0.0001685352997368868,-0.5946969696969697,-0.5075757575757576,-0.00017495801065229333,-0.01893939393939394,-0.4583333333333333,-0.00011290597009387208,-0.3333333333333333,-0.4090909090909091,-0.00016565690621055666,-0.3371212121212121,-0.2803030303030303,-0.0001514716498576263,-0.26136363636363635,-0.22348484848484848,-0.00013451483396643266,-0.015151515151515152,-0.32954545454545453,-0.0001532650949173737,-0.2765151515151515,-0.2727272727272727,-0.00018261212756461495,-0.2727272727272727,-0.18181818181818182,-0.00016532009199035215,-0.1856060606060606,-0.16287878787878787,-0.00014827952762218365
9,Right,0.0,0.0,0.0,-0.2511013215859031,-0.18061674008810572,-9.68867752311628e-06,-0.44052863436123346,-0.33480176211453744,-4.58270417559631e-05,-0.6255506607929515,-0.3568281938325991,-8.963472841123242e-05,-0.775330396475771,-0.3524229074889868,-0.00014029230080828383,-0.1894273127753304,-0.6696035242290749,-7.076052049761942e-05,-0.3700440528634361,-0.8502202643171806,-0.00012128194748358694,-0.4933920704845815,-0.9251101321585903,-0.00015848487906310117,-0.5991189427312775,-1.0,-0.00018785022653988395,-0.1013215859030837,-0.5726872246696035,-0.00010639398071000344,-0.4052863436123348,-0.5859030837004405,-0.00017830598356231308,-0.6211453744493393,-0.4669603524229075,-0.0002050878340116273,-0.7444933920704846,-0.34801762114537443,-0.0002181001745583319,-0.06167400881057269,-0.40969162995594716,-0.00014103885226628967,-0.4052863436123348,-0.31277533039647576,-0.00019423539052241815,-0.41409691629955947,-0.18061674008810572,-0.00018403313327256917,-0.3436123348017621,-0.11894273127753303,-0.00017329760153704394,-0.06167400881057269,-0.2290748898678414,-0.00017711133055541074,-0.3392070484581498,-0.14977973568281938,-0.00020976089067712344,-0.3436123348017621,-0.07488986784140969,-0.00019070471792285252,-0.2643171806167401,-0.05726872246696035,-0.0001729652629738979
9,Right,0.0,0.0,0.0,-0.2111111111111111,-0.23333333333333334,-1.8918787520632525e-05,-0.5,-0.3388888888888889,-6.111592424644899e-05,-0.7277777777777777,-0.3111111111111111,-9.237761876053814e-05,-0.9166666666666666,-0.2722222222222222,-0.00013120525369446018,-0.3,-0.5222222222222223,-0.00019428624624411798,-0.45,-0.6777777777777778,-0.0002634914194319037,-0.6166666666666667,-0.7277777777777777,-0.00030748993321657713,-0.7722222222222223,-0.7722222222222223,-0.00033962724686729116,-0.18333333333333332,-0.35,-0.00021081502816147808,-0.5777777777777777,-0.25,-0.00027108457516697253,-0.8444444444444444,-0.12222222222222222,-0.0002877143745395926,-1.0,-0.027777777777777776,-0.00030899223931366075,-0.12222222222222222,-0.11666666666666667,-0.0002153775567584621,-0.5888888888888889,0.022222222222222223,-0.0002608121906492499,-0.5722222222222222,0.027777777777777776,-0.00023019789984889035,-0.4444444444444444,0.005555555555555556,-0.00020794736177789374,-0.1,0.12222222222222222,-0.0002176439612878747,-0.45555555555555555,0.20555555555555555,-0.00026504859077666076,-0.4722222222222222,0.2,-0.00024519279348585876,-0.40555555555555556,0.15555555555555556,-0.00022460479038689406
9,Right,0.0,0.0,0.0,-0.33774834437086093,-0.17880794701986755,-6.361829324867701e-05,-0.6357615894039735,-0.152317880794702,-0.00013800789359786012,-0.8675496688741722,0.026490066225165563,-0.00018759075501108952,-1.0,0.26490066225165565,-0.0002366970383094809,-0.2052980132450331,-0.33112582781456956,-0.0003245358309524911,-0.4105960264900662,-0.39072847682119205,-0.0004374542893874108,-0.6357615894039735,-0.3443708609271523,-0.00049883365259267,-0.8410596026490066,-0.2847682119205298,-0.000537175869933834,-0.006622516556291391,-0.12582781456953643,-0.00032701751573198037,-0.4768211920529801,0.17880794701986755,-0.0004275446718023486,-0.7880794701986755,0.3509933774834437,-0.00045066431681053677,-0.9470198675496688,0.4503311258278146,-0.00048004437384228195,0.10596026490066225,0.1456953642384106,-0.0003143855744166263,-0.45695364238410596,0.4768211920529801,-0.00038826587700687646,-0.6026490066225165,0.37748344370860926,-0.0003517824314998648,-0.5562913907284768,0.2185430463576159,-0.0003232195699373001,0.1390728476821192,0.40397350993377484,-0.00030254450483039664,-0.31788079470198677,0.609271523178808,-0.000345728464702914,-0.46357615894039733,0.5099337748344371,-0.000316652401227842,-0.45695364238410596,0.37748344370860926,-0.00029733608024801
